origin,sector,destination,value
CHN,AGF,CHN,4857949.319
CHN,AGF,USA,7279.023210107166
CHN,AGF,EU27,1.0
CHN,AGF,JPN,9786.69203613816
CHN,AGF,KOR,5347.929266934569
CHN,AGF,IND,571.3393372420556
CHN,AGF,CAN,1331.1071679849272
CHN,AGF,MEX,1095.2711606602172
CHN,AGF,BRA,498.3316245481984
CHN,AGF,ZAF,345.6125560413658
CHN,AGF,RUS,1832.6793115362204
CHN,AGF,SAU,310.0660713698193
CHN,AGF,AUS,1114.4417658900907
CHN,AGF,ROW,57261.9164915472
CHN,MIN,CHN,885257.522
CHN,MIN,USA,1510.9495227874322
CHN,MIN,EU27,1.0
CHN,MIN,JPN,1731.8287160417397
CHN,MIN,KOR,1621.6481424713613
CHN,MIN,IND,797.4102323156126
CHN,MIN,CAN,40.38127731864979
CHN,MIN,MEX,63.70118517419445
CHN,MIN,BRA,59.161711976012604
CHN,MIN,ZAF,79.20511508370349
CHN,MIN,RUS,221.2733493542893
CHN,MIN,SAU,151.75082563246167
CHN,MIN,AUS,108.68325390363434
CHN,MIN,ROW,6974.991667940909
CHN,ENR,CHN,1115317.397
CHN,ENR,USA,575.006425376606
CHN,ENR,EU27,1.0
CHN,ENR,JPN,1397.179958670196
CHN,ENR,KOR,1665.100051711906
CHN,ENR,IND,962.7000687638332
CHN,ENR,CAN,102.06308726047472
CHN,ENR,MEX,494.9835837718077
CHN,ENR,BRA,548.263316582149
CHN,ENR,ZAF,529.9267392229438
CHN,ENR,RUS,209.1514069370219
CHN,ENR,SAU,163.5117216058203
CHN,ENR,AUS,1691.3992907186198
CHN,ENR,ROW,42152.782349378635
CHN,CHM,CHN,2562021.8310000002
CHN,CHM,USA,31949.698759147675
CHN,CHM,EU27,1.0
CHN,CHM,JPN,16288.164502466025
CHN,CHM,KOR,26503.50790680143
CHN,CHM,IND,23597.903831533546
CHN,CHM,CAN,4478.555815452333
CHN,CHM,MEX,6432.475209874386
CHN,CHM,BRA,15098.670674713716
CHN,CHM,ZAF,2661.629080311044
CHN,CHM,RUS,10526.423698621507
CHN,CHM,SAU,3010.908687198926
CHN,CHM,AUS,7764.8434033243675
CHN,CHM,ROW,187866.51043055503
CHN,TXL,CHN,1607104.5699999998
CHN,TXL,USA,54515.75058921413
CHN,TXL,EU27,1.0
CHN,TXL,JPN,18276.439961536504
CHN,TXL,KOR,9908.592151294919
CHN,TXL,IND,5972.1859319584
CHN,TXL,CAN,4547.682511266806
CHN,TXL,MEX,5330.38726931593
CHN,TXL,BRA,3625.1507541040714
CHN,TXL,ZAF,3024.109325457965
CHN,TXL,RUS,7081.88198111272
CHN,TXL,SAU,3947.170161177712
CHN,TXL,AUS,7299.104992525673
CHN,TXL,ROW,187868.55237103518
CHN,WDP,CHN,878781.231
CHN,WDP,USA,7513.493519117077
CHN,WDP,EU27,1.0
CHN,WDP,JPN,2699.554202171354
CHN,WDP,KOR,1271.030314039864
CHN,WDP,IND,1192.931638450573
CHN,WDP,CAN,1207.7150487010967
CHN,WDP,MEX,985.7585850577868
CHN,WDP,BRA,343.8116200391355
CHN,WDP,ZAF,277.16144218446686
CHN,WDP,RUS,980.7376759574051
CHN,WDP,SAU,1042.1814809607147
CHN,WDP,AUS,2187.222405779678
CHN,WDP,ROW,28116.421067540854
CHN,NMM,CHN,4299003.621
CHN,NMM,USA,39321.064985276505
CHN,NMM,EU27,1.0
CHN,NMM,JPN,14213.649883584014
CHN,NMM,KOR,20833.066315923534
CHN,NMM,IND,13343.374489466947
CHN,NMM,CAN,7274.894710428516
CHN,NMM,MEX,7397.938462935552
CHN,NMM,BRA,4755.463031216595
CHN,NMM,ZAF,2855.266721443824
CHN,NMM,RUS,6352.655245907718
CHN,NMM,SAU,5897.653093024724
CHN,NMM,AUS,8629.320278942449
CHN,NMM,ROW,209902.5937818496
CHN,MAC,CHN,1357913.348
CHN,MAC,USA,31366.98953009646
CHN,MAC,EU27,1.0
CHN,MAC,JPN,11083.990971544037
CHN,MAC,KOR,7422.38249533182
CHN,MAC,IND,10160.492679190691
CHN,MAC,CAN,4281.99594409445
CHN,MAC,MEX,6364.221149622426
CHN,MAC,BRA,4998.0065220676315
CHN,MAC,ZAF,1652.9270538478936
CHN,MAC,RUS,9196.32221089308
CHN,MAC,SAU,2649.098045021523
CHN,MAC,AUS,4821.886230470111
CHN,MAC,ROW,129116.08216781988
CHN,ELE,CHN,2358929.142
CHN,ELE,USA,170862.41487373848
CHN,ELE,EU27,1.0
CHN,ELE,JPN,44989.519132169546
CHN,ELE,KOR,47408.21376860289
CHN,ELE,IND,34070.11264534654
CHN,ELE,CAN,9651.84417583667
CHN,ELE,MEX,21405.345159709697
CHN,ELE,BRA,15514.454319869163
CHN,ELE,ZAF,4512.067114730727
CHN,ELE,RUS,14793.74426263252
CHN,ELE,SAU,4593.310991057585
CHN,ELE,AUS,14799.501944975102
CHN,ELE,ROW,596376.0106113311
CHN,VEH,CHN,1329869.054
CHN,VEH,USA,22030.895262590147
CHN,VEH,EU27,1.0
CHN,VEH,JPN,5669.620043358361
CHN,VEH,KOR,4370.069731440334
CHN,VEH,IND,2127.327519546309
CHN,VEH,CAN,2812.851295619449
CHN,VEH,MEX,7241.495650549434
CHN,VEH,BRA,2225.517399409803
CHN,VEH,ZAF,1487.6478387147733
CHN,VEH,RUS,6840.5382467443405
CHN,VEH,SAU,3588.124264303093
CHN,VEH,AUS,5442.256279046199
CHN,VEH,ROW,122358.54646867773
CHN,OTM,CHN,266286.38
CHN,OTM,USA,58268.03900444227
CHN,OTM,EU27,1.0
CHN,OTM,JPN,9277.533873002436
CHN,OTM,KOR,5997.709719180389
CHN,OTM,IND,3755.1385427589685
CHN,OTM,CAN,4816.811124764349
CHN,OTM,MEX,3713.931238122863
CHN,OTM,BRA,1904.8562881470452
CHN,OTM,ZAF,1490.2775575982484
CHN,OTM,RUS,2526.577339283886
CHN,OTM,SAU,3177.1963338387054
CHN,OTM,AUS,6748.343328157229
CHN,OTM,ROW,104351.1576507036
CHN,SRV,CHN,20237825.339
CHN,SRV,USA,62257.91507047814
CHN,SRV,EU27,97387.75980632642
CHN,SRV,JPN,24572.977568624494
CHN,SRV,KOR,29569.472232180517
CHN,SRV,IND,10831.372347553262
CHN,SRV,CAN,5935.066592825738
CHN,SRV,MEX,3636.0286328121565
CHN,SRV,BRA,1600.5143186870448
CHN,SRV,ZAF,1693.2206470694948
CHN,SRV,RUS,5266.105513993178
CHN,SRV,SAU,6488.769356969985
CHN,SRV,AUS,8077.0862597536
CHN,SRV,ROW,300209.7336527258
USA,AGF,CHN,26442.709546262296
USA,AGF,USA,1652752.1799999997
USA,AGF,EU27,1.0
USA,AGF,JPN,10227.841642656236
USA,AGF,KOR,6378.090968524549
USA,AGF,IND,1383.5348677078623
USA,AGF,CAN,21438.97236546987
USA,AGF,MEX,19279.80985491779
USA,AGF,BRA,444.4568983114636
USA,AGF,ZAF,229.9321933949679
USA,AGF,RUS,99.2912033649962
USA,AGF,SAU,1027.1604305987464
USA,AGF,AUS,1002.6175795176015
USA,AGF,ROW,48322.03744927363
USA,MIN,CHN,2596.954579077704
USA,MIN,USA,164072.24
USA,MIN,EU27,1.0
USA,MIN,JPN,2021.0076662491776
USA,MIN,KOR,601.4952671406298
USA,MIN,IND,560.44879062339
USA,MIN,CAN,6619.000782059292
USA,MIN,MEX,3667.4399373331476
USA,MIN,BRA,2101.3642399378323
USA,MIN,ZAF,77.86905176082978
USA,MIN,RUS,11.975287341352765
USA,MIN,SAU,76.35185502557246
USA,MIN,AUS,199.5006321294236
USA,MIN,ROW,8908.117911321644
USA,ENR,CHN,10957.623935686195
USA,ENR,USA,1287359.305
USA,ENR,EU27,1.0
USA,ENR,JPN,10893.267884957111
USA,ENR,KOR,16130.982844301707
USA,ENR,IND,13256.336547773928
USA,ENR,CAN,28434.43376298249
USA,ENR,MEX,45531.07815959525
USA,ENR,BRA,13451.48556972629
USA,ENR,ZAF,514.9447483303416
USA,ENR,RUS,2.5798082604600547
USA,ENR,SAU,285.2215572548511
USA,ENR,AUS,985.0833258110448
USA,ENR,ROW,167336.34585532034
USA,CHM,CHN,18159.470179083582
USA,CHM,USA,1092577.275
USA,CHM,EU27,1.0
USA,CHM,JPN,10710.535390590485
USA,CHM,KOR,6438.2184275520995
USA,CHM,IND,4108.391975065759
USA,CHM,CAN,32719.751376338467
USA,CHM,MEX,28533.916321159773
USA,CHM,BRA,8928.37757898334
USA,CHM,ZAF,784.8817115135915
USA,CHM,RUS,294.4209873121371
USA,CHM,SAU,1077.412816221663
USA,CHM,AUS,3561.993010143642
USA,CHM,ROW,93999.35522603548
USA,TXL,CHN,547.9729720104015
USA,TXL,USA,57537.937000000005
USA,TXL,EU27,1.0
USA,TXL,JPN,318.0995903219196
USA,TXL,KOR,184.49779769840455
USA,TXL,IND,72.82614059598305
USA,TXL,CAN,3781.012397058556
USA,TXL,MEX,3906.64820756408
USA,TXL,BRA,122.18076867234333
USA,TXL,ZAF,13.385009752291564
USA,TXL,RUS,17.340290708331395
USA,TXL,SAU,47.32644593380209
USA,TXL,AUS,191.42402634689935
USA,TXL,ROW,5580.680353336988
USA,WDP,CHN,3718.0069752880145
USA,WDP,USA,431756.961
USA,WDP,EU27,1.0
USA,WDP,JPN,1763.046194713484
USA,WDP,KOR,613.2420763688417
USA,WDP,IND,1093.1137712541101
USA,WDP,CAN,7948.038160373355
USA,WDP,MEX,5853.42945598415
USA,WDP,BRA,176.84461270577765
USA,WDP,ZAF,129.32572033828444
USA,WDP,RUS,19.067564146485374
USA,WDP,SAU,102.7825872793777
USA,WDP,AUS,198.69706823602598
USA,WDP,ROW,10998.863813312095
USA,NMM,CHN,5772.47703610942
USA,NMM,USA,909395.0329999999
USA,NMM,EU27,1.0
USA,NMM,JPN,3278.0394996771056
USA,NMM,KOR,2141.190902220743
USA,NMM,IND,5416.918580556745
USA,NMM,CAN,21232.184131083974
USA,NMM,MEX,18625.053433780966
USA,NMM,BRA,787.7426113565894
USA,NMM,ZAF,368.417656183283
USA,NMM,RUS,36.64794609411941
USA,NMM,SAU,280.02088038625374
USA,NMM,AUS,583.8699389510823
USA,NMM,ROW,35891.33038359973
USA,MAC,CHN,7053.3407628740615
USA,MAC,USA,345221.907
USA,MAC,EU27,1.0
USA,MAC,JPN,3153.1878487729305
USA,MAC,KOR,4917.9540845350075
USA,MAC,IND,1102.6584060878085
USA,MAC,CAN,22979.814206276005
USA,MAC,MEX,17367.824821576243
USA,MAC,BRA,2384.485027454439
USA,MAC,ZAF,646.640686929785
USA,MAC,RUS,185.31515619762143
USA,MAC,SAU,959.3797036209536
USA,MAC,AUS,3190.192971820655
USA,MAC,ROW,37650.54632385448
USA,ELE,CHN,11350.049894736489
USA,ELE,USA,514292.08499999996
USA,ELE,EU27,1.0
USA,ELE,JPN,4695.833609601478
USA,ELE,KOR,3627.5122111022756
USA,ELE,IND,1628.4013435943232
USA,ELE,CAN,17748.031126039867
USA,ELE,MEX,27579.50502467392
USA,ELE,BRA,2514.1088532491185
USA,ELE,ZAF,321.2950499307245
USA,ELE,RUS,129.72844204632165
USA,ELE,SAU,584.52886943744
USA,ELE,AUS,2108.475112507375
USA,ELE,ROW,59813.707463080675
USA,VEH,CHN,9396.366217089719
USA,VEH,USA,902457.753
USA,VEH,EU27,1.0
USA,VEH,JPN,3184.478345251413
USA,VEH,KOR,6030.71370898538
USA,VEH,IND,1224.733197860102
USA,VEH,CAN,68210.81172850114
USA,VEH,MEX,31085.094408304805
USA,VEH,BRA,1719.51319188907
USA,VEH,ZAF,1096.7036241636263
USA,VEH,RUS,201.71580599879812
USA,VEH,SAU,3569.5494122737236
USA,VEH,AUS,5096.284730461266
USA,VEH,ROW,54252.99462922095
USA,OTM,CHN,1934.8046399914056
USA,OTM,USA,257217.174
USA,OTM,EU27,1.0
USA,OTM,JPN,1970.5003648139098
USA,OTM,KOR,1291.8654426559206
USA,OTM,IND,594.3677344062496
USA,OTM,CAN,12142.514451595773
USA,OTM,MEX,8274.454513372128
USA,OTM,BRA,493.7492965974717
USA,OTM,ZAF,106.06037590489977
USA,OTM,RUS,50.625367214404825
USA,OTM,SAU,461.22814180144655
USA,OTM,AUS,1072.8447888238313
USA,OTM,ROW,24330.489882822552
USA,SRV,CHN,75026.52714833942
USA,SRV,USA,35035815.258999996
USA,SRV,EU27,442422.8353203787
USA,SRV,JPN,66145.4319346678
USA,SRV,KOR,32783.41023225324
USA,SRV,IND,44981.27510447635
USA,SRV,CAN,102012.8024396448
USA,SRV,MEX,43540.325803611806
USA,SRV,BRA,31844.22906268941
USA,SRV,ZAF,4262.683770429731
USA,SRV,RUS,3962.0106454132438
USA,SRV,SAU,14263.635880793356
USA,SRV,AUS,27650.446712801375
USA,SRV,ROW,466152.3839445008
EU27,AGF,CHN,16774.86913425
EU27,AGF,USA,30395.243360475004
EU27,AGF,EU27,1771399.3016461544
EU27,AGF,JPN,8795.092939423
EU27,AGF,KOR,4782.580473401
EU27,AGF,IND,1381.261433817
EU27,AGF,CAN,5102.105540723
EU27,AGF,MEX,2099.113053964
EU27,AGF,BRA,2433.249236315
EU27,AGF,ZAF,2052.090626917
EU27,AGF,RUS,7336.176518373
EU27,AGF,SAU,4979.569849385
EU27,AGF,AUS,4102.052263297
EU27,AGF,ROW,153239.53992350496
EU27,MIN,CHN,474.918331621
EU27,MIN,USA,242.52968763199996
EU27,MIN,EU27,82690.57419966401
EU27,MIN,JPN,40.484599901
EU27,MIN,KOR,35.580191235
EU27,MIN,IND,193.88567626499997
EU27,MIN,CAN,49.807084624
EU27,MIN,MEX,56.802654108000006
EU27,MIN,BRA,73.978500668
EU27,MIN,ZAF,22.072411066
EU27,MIN,RUS,51.894692456
EU27,MIN,SAU,46.678956281999994
EU27,MIN,AUS,27.51052268
EU27,MIN,ROW,2368.5954917980002
EU27,ENR,CHN,981.006312983
EU27,ENR,USA,19643.764983685
EU27,ENR,EU27,452370.3892267539
EU27,ENR,JPN,420.956508917
EU27,ENR,KOR,871.9949083540001
EU27,ENR,IND,967.324394374
EU27,ENR,CAN,3085.866808437
EU27,ENR,MEX,2072.480600089
EU27,ENR,BRA,2410.6137801540003
EU27,ENR,ZAF,1425.091693473
EU27,ENR,RUS,510.403833776
EU27,ENR,SAU,1306.7012933199999
EU27,ENR,AUS,136.420342866
EU27,ENR,ROW,143455.285312818
EU27,CHM,CHN,41325.006708687
EU27,CHM,USA,158345.27326625306
EU27,CHM,EU27,990380.4099421201
EU27,CHM,JPN,24158.094984008
EU27,CHM,KOR,12190.248429568
EU27,CHM,IND,8515.45207633
EU27,CHM,CAN,12086.381042185001
EU27,CHM,MEX,10239.977054678
EU27,CHM,BRA,14473.546906513
EU27,CHM,ZAF,5966.989217996001
EU27,CHM,RUS,19540.270214399996
EU27,CHM,SAU,7471.418547209001
EU27,CHM,AUS,9804.583679742
EU27,CHM,ROW,272866.8739303109
EU27,TXL,CHN,9228.541638925
EU27,TXL,USA,15887.092789470002
EU27,TXL,EU27,116892.12121022407
EU27,TXL,JPN,3775.331374553
EU27,TXL,KOR,4221.844665015999
EU27,TXL,IND,594.9001989039999
EU27,TXL,CAN,2093.814599766
EU27,TXL,MEX,1617.196304361
EU27,TXL,BRA,572.4056522330001
EU27,TXL,ZAF,394.42059116700005
EU27,TXL,RUS,2852.368215387
EU27,TXL,SAU,708.149203903
EU27,TXL,AUS,1194.6463706989998
EU27,TXL,ROW,66842.305185392
EU27,WDP,CHN,6002.795903143999
EU27,WDP,USA,9160.016807611999
EU27,WDP,EU27,432325.6538376401
EU27,WDP,JPN,2287.1149758059996
EU27,WDP,KOR,660.272418495
EU27,WDP,IND,1483.741396984
EU27,WDP,CAN,672.825558483
EU27,WDP,MEX,1112.55206215
EU27,WDP,BRA,412.225641656
EU27,WDP,ZAF,723.373676587
EU27,WDP,RUS,928.4663976229999
EU27,WDP,SAU,979.130652248
EU27,WDP,AUS,1070.608857212
EU27,WDP,ROW,39661.928814360006
EU27,NMM,CHN,15488.709910124
EU27,NMM,USA,38729.644959601996
EU27,NMM,EU27,1234085.774077704
EU27,NMM,JPN,3673.9381765229996
EU27,NMM,KOR,3567.023732904999
EU27,NMM,IND,10445.550272328
EU27,NMM,CAN,4490.892153748
EU27,NMM,MEX,4906.013876057
EU27,NMM,BRA,3962.1485366540005
EU27,NMM,ZAF,1839.954506929
EU27,NMM,RUS,4165.423897941
EU27,NMM,SAU,2239.161006146
EU27,NMM,AUS,2332.19369517
EU27,NMM,ROW,120829.09719816904
EU27,MAC,CHN,41823.003256031
EU27,MAC,USA,83713.604429965
EU27,MAC,EU27,405324.0219331131
EU27,MAC,JPN,7269.5264632319995
EU27,MAC,KOR,13797.203842322
EU27,MAC,IND,10313.397013088
EU27,MAC,CAN,8717.901052437
EU27,MAC,MEX,10574.218356555
EU27,MAC,BRA,8658.429596109001
EU27,MAC,ZAF,4639.401902417
EU27,MAC,RUS,10161.866464899
EU27,MAC,SAU,4626.51390455
EU27,MAC,AUS,7855.86967216
EU27,MAC,ROW,162014.735113122
EU27,ELE,CHN,53063.634485061986
EU27,ELE,USA,69057.859564429
EU27,ELE,EU27,367813.3494787461
EU27,ELE,JPN,8919.689656485001
EU27,ELE,KOR,8400.324844315
EU27,ELE,IND,7363.661527789999
EU27,ELE,CAN,4083.07811822
EU27,ELE,MEX,8046.032753069
EU27,ELE,BRA,4412.289161588001
EU27,ELE,ZAF,4282.96430778
EU27,ELE,RUS,5795.199827517
EU27,ELE,SAU,3936.188568059
EU27,ELE,AUS,4645.531229886
EU27,ELE,ROW,183502.1454770539
EU27,VEH,CHN,45689.146353697
EU27,VEH,USA,72035.176703734
EU27,VEH,EU27,953195.8360123518
EU27,VEH,JPN,9956.409834476
EU27,VEH,KOR,11799.631638547
EU27,VEH,IND,6243.258577415
EU27,VEH,CAN,6021.171757587999
EU27,VEH,MEX,8169.233107639999
EU27,VEH,BRA,5170.498659873
EU27,VEH,ZAF,4587.0899794570005
EU27,VEH,RUS,2986.517699952
EU27,VEH,SAU,4681.724495503
EU27,VEH,AUS,6536.656118201
EU27,VEH,ROW,171371.594061565
EU27,OTM,CHN,7476.813379576
EU27,OTM,USA,25905.010818487997
EU27,OTM,EU27,396758.63225654996
EU27,OTM,JPN,2732.517091464
EU27,OTM,KOR,2053.3981615969997
EU27,OTM,IND,1482.614185299
EU27,OTM,CAN,2374.5942443940003
EU27,OTM,MEX,2374.654695703
EU27,OTM,BRA,1136.1251980920001
EU27,OTM,ZAF,1345.3267474479999
EU27,OTM,RUS,2973.324546494
EU27,OTM,SAU,1453.891775293
EU27,OTM,AUS,2161.202318632
EU27,OTM,ROW,77399.33258097
EU27,SRV,CHN,76087.74315600001
EU27,SRV,USA,252598.795757
EU27,SRV,EU27,22299446.555809002
EU27,SRV,JPN,39566.017291
EU27,SRV,KOR,23285.335968999996
EU27,SRV,IND,33597.393304000005
EU27,SRV,CAN,22404.578852
EU27,SRV,MEX,21706.579826
EU27,SRV,BRA,22535.901318999997
EU27,SRV,ZAF,9895.945347
EU27,SRV,RUS,25900.652326999996
EU27,SRV,SAU,18038.949263
EU27,SRV,AUS,22629.955529999996
EU27,SRV,ROW,718106.36625
JPN,AGF,CHN,1461.7711032705809
JPN,AGF,USA,1062.948034470105
JPN,AGF,EU27,1.0
JPN,AGF,JPN,356199.33
JPN,AGF,KOR,346.7159832338768
JPN,AGF,IND,24.48573085917665
JPN,AGF,CAN,90.6485079492707
JPN,AGF,MEX,10.546490556758503
JPN,AGF,BRA,8.904091705539935
JPN,AGF,ZAF,11.930331549905606
JPN,AGF,RUS,17.02536094492627
JPN,AGF,SAU,11.451731632262096
JPN,AGF,AUS,157.11943321211223
JPN,AGF,ROW,4012.107200615485
JPN,MIN,CHN,314.9784622359843
JPN,MIN,USA,78.28061519713285
JPN,MIN,EU27,1.0
JPN,MIN,JPN,7874.28409576959
JPN,MIN,KOR,118.09499919357837
JPN,MIN,IND,41.876275782093934
JPN,MIN,CAN,9.271004397556174
JPN,MIN,MEX,1.3267585107669349
JPN,MIN,BRA,1.0
JPN,MIN,ZAF,1.3017630780537623
JPN,MIN,RUS,1.0
JPN,MIN,SAU,1.0
JPN,MIN,AUS,26.28028932650921
JPN,MIN,ROW,319.1517365087345
JPN,ENR,CHN,1219.5742512774177
JPN,ENR,USA,1123.187892183622
JPN,ENR,EU27,1.0
JPN,ENR,JPN,149235.859
JPN,ENR,KOR,2419.8998519899533
JPN,ENR,IND,228.67044358265466
JPN,ENR,CAN,7.532030423365595
JPN,ENR,MEX,279.66595862692134
JPN,ENR,BRA,63.330333093726104
JPN,ENR,ZAF,27.967581731618118
JPN,ENR,RUS,58.10582370169269
JPN,ENR,SAU,5.882523527224463
JPN,ENR,AUS,2097.7010654019873
JPN,ENR,ROW,5545.791244459816
JPN,CHM,CHN,20257.576691144153
JPN,CHM,USA,11019.92847680559
JPN,CHM,EU27,1.0
JPN,CHM,JPN,300804.85799999995
JPN,CHM,KOR,7713.523340631321
JPN,CHM,IND,3335.733723164001
JPN,CHM,CAN,397.8939246060194
JPN,CHM,MEX,511.66518046188725
JPN,CHM,BRA,576.0522666597044
JPN,CHM,ZAF,156.94815311153712
JPN,CHM,RUS,172.10098407731385
JPN,CHM,SAU,240.5534690140682
JPN,CHM,AUS,897.9232977477553
JPN,CHM,ROW,31660.35449257665
JPN,TXL,CHN,1438.7928646886658
JPN,TXL,USA,519.0470569780795
JPN,TXL,EU27,1.0
JPN,TXL,JPN,23577.445
JPN,TXL,KOR,316.2272361918667
JPN,TXL,IND,71.60404112633071
JPN,TXL,CAN,29.435397787779163
JPN,TXL,MEX,47.20970494578456
JPN,TXL,BRA,8.391909771921558
JPN,TXL,ZAF,3.06253205416302
JPN,TXL,RUS,11.781293405128771
JPN,TXL,SAU,103.7899114290906
JPN,TXL,AUS,31.353504152571134
JPN,TXL,ROW,2505.2975474686173
JPN,WDP,CHN,981.0064483209051
JPN,WDP,USA,249.5399154278155
JPN,WDP,EU27,1.0
JPN,WDP,JPN,110351.498
JPN,WDP,KOR,456.3212805820611
JPN,WDP,IND,121.67064848652386
JPN,WDP,CAN,11.94727879799774
JPN,WDP,MEX,8.889230448175399
JPN,WDP,BRA,6.949852477641379
JPN,WDP,ZAF,4.529202210797637
JPN,WDP,RUS,8.36439122058488
JPN,WDP,SAU,2.774031359256657
JPN,WDP,AUS,18.470795641354094
JPN,WDP,ROW,1777.9299250268864
JPN,NMM,CHN,18299.34442343888
JPN,NMM,USA,7685.543492222825
JPN,NMM,EU27,1.0
JPN,NMM,JPN,426736.37299999996
JPN,NMM,KOR,10776.972450400232
JPN,NMM,IND,3181.78658336395
JPN,NMM,CAN,511.3995727786588
JPN,NMM,MEX,2397.423672652297
JPN,NMM,BRA,395.2436746062547
JPN,NMM,ZAF,210.97245496996084
JPN,NMM,RUS,113.34962471247174
JPN,NMM,SAU,292.98346528039826
JPN,NMM,AUS,383.5744013173976
JPN,NMM,ROW,40952.33718425667
JPN,MAC,CHN,24821.643219493144
JPN,MAC,USA,27628.229847374092
JPN,MAC,EU27,1.0
JPN,MAC,JPN,193160.15400000004
JPN,MAC,KOR,8055.051158952775
JPN,MAC,IND,1968.1210454043903
JPN,MAC,CAN,1113.522799018118
JPN,MAC,MEX,1725.2268709572672
JPN,MAC,BRA,818.7252740863956
JPN,MAC,ZAF,330.1862365386936
JPN,MAC,RUS,676.7382194975606
JPN,MAC,SAU,495.97190193564865
JPN,MAC,AUS,1425.5813299262888
JPN,MAC,ROW,43539.485096815595
JPN,ELE,CHN,31114.977219900567
JPN,ELE,USA,20202.60234016982
JPN,ELE,EU27,1.0
JPN,ELE,JPN,184485.702
JPN,ELE,KOR,9466.28727140519
JPN,ELE,IND,1790.490924821059
JPN,ELE,CAN,871.9428443929836
JPN,ELE,MEX,1546.3924727297153
JPN,ELE,BRA,587.4921551025102
JPN,ELE,ZAF,155.18008185010663
JPN,ELE,RUS,168.74063606972084
JPN,ELE,SAU,131.45550422609514
JPN,ELE,AUS,546.0332142041027
JPN,ELE,ROW,62632.03033512816
JPN,VEH,CHN,14651.179292510435
JPN,VEH,USA,51209.201078916165
JPN,VEH,EU27,1.0
JPN,VEH,JPN,253861.51999999996
JPN,VEH,KOR,1020.053468022447
JPN,VEH,IND,908.296869673949
JPN,VEH,CAN,5029.560135032316
JPN,VEH,MEX,3421.6899052767744
JPN,VEH,BRA,1313.052929715109
JPN,VEH,ZAF,1407.9713496346956
JPN,VEH,RUS,3206.6215075520818
JPN,VEH,SAU,4059.348133618099
JPN,VEH,AUS,10365.627443872883
JPN,VEH,ROW,74204.51988617505
JPN,OTM,CHN,1068.7667009817796
JPN,OTM,USA,1479.1018447248855
JPN,OTM,EU27,1.0
JPN,OTM,JPN,260729.69400000002
JPN,OTM,KOR,437.73625487705414
JPN,OTM,IND,56.815957434835056
JPN,OTM,CAN,39.76970988283203
JPN,OTM,MEX,62.24314766285189
JPN,OTM,BRA,27.749871935742473
JPN,OTM,ZAF,12.9957087345784
JPN,OTM,RUS,42.187743419768985
JPN,OTM,SAU,18.51555710169659
JPN,OTM,AUS,83.04339775316173
JPN,OTM,ROW,3116.885105490813
JPN,SRV,CHN,33440.115360701435
JPN,SRV,USA,73937.00813831427
JPN,SRV,EU27,35488.82553945012
JPN,SRV,JPN,4927793.472
JPN,SRV,KOR,8958.366322647329
JPN,SRV,IND,5780.491203305962
JPN,SRV,CAN,3331.592741408371
JPN,SRV,MEX,2537.843507417348
JPN,SRV,BRA,1282.562181868094
JPN,SRV,ZAF,529.4512531974327
JPN,SRV,RUS,671.0437241877563
JPN,SRV,SAU,1905.3651745612933
JPN,SRV,AUS,3149.459811334403
JPN,SRV,ROW,118206.78604160617
KOR,AGF,CHN,1685.8776909803264
KOR,AGF,USA,1208.8294574522668
KOR,AGF,EU27,1.0
KOR,AGF,JPN,1664.8284044930406
KOR,AGF,KOR,177474.66499999998
KOR,AGF,IND,79.87545263356756
KOR,AGF,CAN,148.64772846581525
KOR,AGF,MEX,48.77592597836118
KOR,AGF,BRA,27.13336037850676
KOR,AGF,ZAF,25.446749729159016
KOR,AGF,RUS,192.36998079271117
KOR,AGF,SAU,26.644339112127092
KOR,AGF,AUS,181.12542104336288
KOR,AGF,ROW,4258.471488940755
KOR,MIN,CHN,279.5287860621235
KOR,MIN,USA,17.545951566390848
KOR,MIN,EU27,1.0
KOR,MIN,JPN,51.79320275927321
KOR,MIN,KOR,3151.7684379240427
KOR,MIN,IND,5.383859367184874
KOR,MIN,CAN,1.0
KOR,MIN,MEX,3.6291159371604493
KOR,MIN,BRA,1.0
KOR,MIN,ZAF,1.0
KOR,MIN,RUS,1.150563962349967
KOR,MIN,SAU,1.0
KOR,MIN,AUS,1.1008999970514666
KOR,MIN,ROW,152.66318242442298
KOR,ENR,CHN,4340.211565342557
KOR,ENR,USA,5897.0001517294595
KOR,ENR,EU27,1.0
KOR,ENR,JPN,4803.442201165164
KOR,ENR,KOR,97702.71500000001
KOR,ENR,IND,1051.3452536249267
KOR,ENR,CAN,49.08312458831884
KOR,ENR,MEX,195.14312183540787
KOR,ENR,BRA,34.191960529983405
KOR,ENR,ZAF,184.53281380585244
KOR,ENR,RUS,221.72380863530674
KOR,ENR,SAU,86.01658841802335
KOR,ENR,AUS,9900.356163363807
KOR,ENR,ROW,31969.871246961182
KOR,CHM,CHN,31916.163076181474
KOR,CHM,USA,10357.986217720103
KOR,CHM,EU27,1.0
KOR,CHM,JPN,5626.3081015581
KOR,CHM,KOR,238698.472
KOR,CHM,IND,3550.769812560178
KOR,CHM,CAN,732.6609063225538
KOR,CHM,MEX,1340.956323412339
KOR,CHM,BRA,1171.2250405724892
KOR,CHM,ZAF,161.3382907089858
KOR,CHM,RUS,1098.87496597115
KOR,CHM,SAU,592.691106798645
KOR,CHM,AUS,1098.2034747649345
KOR,CHM,ROW,40891.953683429034
KOR,TXL,CHN,1539.360869828569
KOR,TXL,USA,1563.136600494998
KOR,TXL,EU27,1.0
KOR,TXL,JPN,640.3381229598854
KOR,TXL,KOR,54802.796
KOR,TXL,IND,154.85943395113057
KOR,TXL,CAN,134.68781707740726
KOR,TXL,MEX,121.51120712618938
KOR,TXL,BRA,44.6947624896681
KOR,TXL,ZAF,10.423699199335548
KOR,TXL,RUS,101.12601390727363
KOR,TXL,SAU,109.14325468624747
KOR,TXL,AUS,82.01089198630102
KOR,TXL,ROW,6988.481326292994
KOR,WDP,CHN,569.3082804707653
KOR,WDP,USA,887.8334599396819
KOR,WDP,EU27,1.0
KOR,WDP,JPN,209.2304907240319
KOR,WDP,KOR,43987.921
KOR,WDP,IND,248.2099325927079
KOR,WDP,CAN,46.59506221653451
KOR,WDP,MEX,100.93397322533542
KOR,WDP,BRA,13.092250245515283
KOR,WDP,ZAF,50.41682179484349
KOR,WDP,RUS,134.45708568165892
KOR,WDP,SAU,39.07126557971001
KOR,WDP,AUS,157.19834449410158
KOR,WDP,ROW,1922.1430330351138
KOR,NMM,CHN,12579.541362517602
KOR,NMM,USA,9750.494562079513
KOR,NMM,EU27,1.0
KOR,NMM,JPN,6219.121894819978
KOR,NMM,KOR,237916.97500000003
KOR,NMM,IND,3963.360584578451
KOR,NMM,CAN,1152.4367646670107
KOR,NMM,MEX,3346.046892847487
KOR,NMM,BRA,421.1363997231799
KOR,NMM,ZAF,136.61119751867992
KOR,NMM,RUS,815.1924347792307
KOR,NMM,SAU,481.75904783189617
KOR,NMM,AUS,1012.5317876414379
KOR,NMM,ROW,25484.82207099553
KOR,MAC,CHN,8700.63193500097
KOR,MAC,USA,10088.465129159236
KOR,MAC,EU27,1.0
KOR,MAC,JPN,2360.48517551983
KOR,MAC,KOR,104823.722
KOR,MAC,IND,1514.6799264889999
KOR,MAC,CAN,515.9846914507957
KOR,MAC,MEX,1834.709341775557
KOR,MAC,BRA,533.3573553161737
KOR,MAC,ZAF,97.9629937744712
KOR,MAC,RUS,811.441233900733
KOR,MAC,SAU,529.1299098624997
KOR,MAC,AUS,332.9115718635424
KOR,MAC,ROW,17845.12473588719
KOR,ELE,CHN,74154.95974426183
KOR,ELE,USA,23447.003263277693
KOR,ELE,EU27,1.0
KOR,ELE,JPN,4007.5267393342724
KOR,ELE,KOR,246472.86500000005
KOR,ELE,IND,4478.57329646107
KOR,ELE,CAN,865.9008353893536
KOR,ELE,MEX,2409.0795749795234
KOR,ELE,BRA,1402.5102522531872
KOR,ELE,ZAF,87.61750672628735
KOR,ELE,RUS,567.991657071239
KOR,ELE,SAU,546.5570442823654
KOR,ELE,AUS,602.2402136935999
KOR,ELE,ROW,101474.69587226959
KOR,VEH,CHN,1504.6804543276892
KOR,VEH,USA,30644.849195721552
KOR,VEH,EU27,1.0
KOR,VEH,JPN,535.8206422114688
KOR,VEH,KOR,166952.29100000003
KOR,VEH,IND,1990.7736847848903
KOR,VEH,CAN,3554.0492766527777
KOR,VEH,MEX,1557.1528018467495
KOR,VEH,BRA,764.7111029726266
KOR,VEH,ZAF,288.4553209038549
KOR,VEH,RUS,1594.0957759639407
KOR,VEH,SAU,1764.307784878273
KOR,VEH,AUS,3816.9809193244027
KOR,VEH,ROW,46082.300040411785
KOR,OTM,CHN,803.2727112957635
KOR,OTM,USA,1587.984586156758
KOR,OTM,EU27,1.0
KOR,OTM,JPN,257.03288475655245
KOR,OTM,KOR,24218.127
KOR,OTM,IND,47.96127111321316
KOR,OTM,CAN,38.717846339542646
KOR,OTM,MEX,108.44512767597924
KOR,OTM,BRA,15.709745278722629
KOR,OTM,ZAF,3.9948325217960483
KOR,OTM,RUS,45.92083528066386
KOR,OTM,SAU,11.606874697685548
KOR,OTM,AUS,34.5739163592773
KOR,OTM,ROW,1558.3883685240462
KOR,SRV,CHN,28769.133401326613
KOR,SRV,USA,34740.4630872893
KOR,SRV,EU27,24743.537691966885
KOR,SRV,JPN,10899.667503326116
KOR,SRV,KOR,2131876.481
KOR,SRV,IND,6558.802999497076
KOR,SRV,CAN,1738.3778893597391
KOR,SRV,MEX,913.5595065036434
KOR,SRV,BRA,1801.7653877588941
KOR,SRV,ZAF,562.4778908053819
KOR,SRV,RUS,1787.035513107454
KOR,SRV,SAU,1477.3220492421924
KOR,SRV,AUS,3832.7113039702717
KOR,SRV,ROW,57256.99777584646
IND,AGF,CHN,1.0
IND,AGF,USA,1.0
IND,AGF,EU27,1.0
IND,AGF,JPN,1.0
IND,AGF,KOR,1.0
IND,AGF,IND,1002931.8580000001
IND,AGF,CAN,1.0
IND,AGF,MEX,1.0
IND,AGF,BRA,1.0
IND,AGF,ZAF,1.0
IND,AGF,RUS,1.0
IND,AGF,SAU,1.0
IND,AGF,AUS,1.0
IND,AGF,ROW,52594.015
IND,MIN,CHN,1.0
IND,MIN,USA,1.0
IND,MIN,EU27,1.0
IND,MIN,JPN,1.0
IND,MIN,KOR,1.0
IND,MIN,IND,75327.223
IND,MIN,CAN,1.0
IND,MIN,MEX,1.0
IND,MIN,BRA,1.0
IND,MIN,ZAF,1.0
IND,MIN,RUS,1.0
IND,MIN,SAU,1.0
IND,MIN,AUS,1.0
IND,MIN,ROW,3281.087
IND,ENR,CHN,1.0
IND,ENR,USA,1.0
IND,ENR,EU27,1.0
IND,ENR,JPN,1.0
IND,ENR,KOR,1.0
IND,ENR,IND,162119.568
IND,ENR,CAN,1.0
IND,ENR,MEX,1.0
IND,ENR,BRA,1.0
IND,ENR,ZAF,1.0
IND,ENR,RUS,1.0
IND,ENR,SAU,1.0
IND,ENR,AUS,1.0
IND,ENR,ROW,87946.51500000001
IND,CHM,CHN,1.0
IND,CHM,USA,1.0
IND,CHM,EU27,1.0
IND,CHM,JPN,1.0
IND,CHM,KOR,1.0
IND,CHM,IND,275467.887
IND,CHM,CAN,1.0
IND,CHM,MEX,1.0
IND,CHM,BRA,1.0
IND,CHM,ZAF,1.0
IND,CHM,RUS,1.0
IND,CHM,SAU,1.0
IND,CHM,AUS,1.0
IND,CHM,ROW,59823.335
IND,TXL,CHN,1.0
IND,TXL,USA,1.0
IND,TXL,EU27,1.0
IND,TXL,JPN,1.0
IND,TXL,KOR,1.0
IND,TXL,IND,190133.227
IND,TXL,CAN,1.0
IND,TXL,MEX,1.0
IND,TXL,BRA,1.0
IND,TXL,ZAF,1.0
IND,TXL,RUS,1.0
IND,TXL,SAU,1.0
IND,TXL,AUS,1.0
IND,TXL,ROW,36955.795
IND,WDP,CHN,1.0
IND,WDP,USA,1.0
IND,WDP,EU27,1.0
IND,WDP,JPN,1.0
IND,WDP,KOR,1.0
IND,WDP,IND,64257.37299999999
IND,WDP,CAN,1.0
IND,WDP,MEX,1.0
IND,WDP,BRA,1.0
IND,WDP,ZAF,1.0
IND,WDP,RUS,1.0
IND,WDP,SAU,1.0
IND,WDP,AUS,1.0
IND,WDP,ROW,2735.261
IND,NMM,CHN,1.0
IND,NMM,USA,1.0
IND,NMM,EU27,1.0
IND,NMM,JPN,1.0
IND,NMM,KOR,1.0
IND,NMM,IND,429906.18500000006
IND,NMM,CAN,1.0
IND,NMM,MEX,1.0
IND,NMM,BRA,1.0
IND,NMM,ZAF,1.0
IND,NMM,RUS,1.0
IND,NMM,SAU,1.0
IND,NMM,AUS,1.0
IND,NMM,ROW,54425.252
IND,MAC,CHN,1.0
IND,MAC,USA,1.0
IND,MAC,EU27,1.0
IND,MAC,JPN,1.0
IND,MAC,KOR,1.0
IND,MAC,IND,77600.077
IND,MAC,CAN,1.0
IND,MAC,MEX,1.0
IND,MAC,BRA,1.0
IND,MAC,ZAF,1.0
IND,MAC,RUS,1.0
IND,MAC,SAU,1.0
IND,MAC,AUS,1.0
IND,MAC,ROW,23526.345
IND,ELE,CHN,1.0
IND,ELE,USA,1.0
IND,ELE,EU27,1.0
IND,ELE,JPN,1.0
IND,ELE,KOR,1.0
IND,ELE,IND,85653.068
IND,ELE,CAN,1.0
IND,ELE,MEX,1.0
IND,ELE,BRA,1.0
IND,ELE,ZAF,1.0
IND,ELE,RUS,1.0
IND,ELE,SAU,1.0
IND,ELE,AUS,1.0
IND,ELE,ROW,37262.267
IND,VEH,CHN,1.0
IND,VEH,USA,1.0
IND,VEH,EU27,1.0
IND,VEH,JPN,1.0
IND,VEH,KOR,1.0
IND,VEH,IND,177616.592
IND,VEH,CAN,1.0
IND,VEH,MEX,1.0
IND,VEH,BRA,1.0
IND,VEH,ZAF,1.0
IND,VEH,RUS,1.0
IND,VEH,SAU,1.0
IND,VEH,AUS,1.0
IND,VEH,ROW,23726.109
IND,OTM,CHN,1.0
IND,OTM,USA,1.0
IND,OTM,EU27,1.0
IND,OTM,JPN,1.0
IND,OTM,KOR,1.0
IND,OTM,IND,54075.604
IND,OTM,CAN,1.0
IND,OTM,MEX,1.0
IND,OTM,BRA,1.0
IND,OTM,ZAF,1.0
IND,OTM,RUS,1.0
IND,OTM,SAU,1.0
IND,OTM,AUS,1.0
IND,OTM,ROW,43064.886999999995
IND,SRV,CHN,9564.266647865308
IND,SRV,USA,62980.57244245622
IND,SRV,EU27,62596.51097773413
IND,SRV,JPN,5170.108565018829
IND,SRV,KOR,6945.829252671407
IND,SRV,IND,2970691.116
IND,SRV,CAN,4501.065523054229
IND,SRV,MEX,1148.2168048553096
IND,SRV,BRA,4796.849772514004
IND,SRV,ZAF,2560.8282153537043
IND,SRV,RUS,1857.0429033228068
IND,SRV,SAU,6009.329419916143
IND,SRV,AUS,7532.761893069927
IND,SRV,ROW,130753.31558216801
CAN,AGF,CHN,5751.6114348602505
CAN,AGF,USA,1.0
CAN,AGF,EU27,1.0
CAN,AGF,JPN,3259.2096087108685
CAN,AGF,KOR,761.342911823179
CAN,AGF,IND,1.0
CAN,AGF,CAN,169030.505
CAN,AGF,MEX,1771.5683730385044
CAN,AGF,BRA,53.82484686484345
CAN,AGF,ZAF,21.86768293845759
CAN,AGF,RUS,13.224407879306893
CAN,AGF,SAU,62.7471946834713
CAN,AGF,AUS,171.91434680310746
CAN,AGF,ROW,44727.978192398004
CAN,MIN,CHN,1431.2433288580442
CAN,MIN,USA,1.0
CAN,MIN,EU27,1.0
CAN,MIN,JPN,58.567464822045814
CAN,MIN,KOR,26.13804730672698
CAN,MIN,IND,1.0
CAN,MIN,CAN,50548.66119620782
CAN,MIN,MEX,1029.4469140458482
CAN,MIN,BRA,511.81148639432314
CAN,MIN,ZAF,6.426989304367279
CAN,MIN,RUS,1.0
CAN,MIN,SAU,4.1965430682901355
CAN,MIN,AUS,1858.885907080434
CAN,MIN,ROW,16497.884122912088
CAN,ENR,CHN,1890.392671884481
CAN,ENR,USA,1.0
CAN,ENR,EU27,1.0
CAN,ENR,JPN,2930.7551427817734
CAN,ENR,KOR,1716.4459946005231
CAN,ENR,IND,1.0
CAN,ENR,CAN,80843.83
CAN,ENR,MEX,132.83027626894474
CAN,ENR,BRA,52.36233411081932
CAN,ENR,ZAF,1.1810833968030863
CAN,ENR,RUS,1.7670510745589376
CAN,ENR,SAU,1.4202308259552145
CAN,ENR,AUS,3.0552769698235616
CAN,ENR,ROW,115297.31293808632
CAN,CHM,CHN,2083.087113300289
CAN,CHM,USA,1.0
CAN,CHM,EU27,1.0
CAN,CHM,JPN,594.9807512006245
CAN,CHM,KOR,197.08619734089098
CAN,CHM,IND,1.0
CAN,CHM,CAN,42492.342000000004
CAN,CHM,MEX,426.2098100047098
CAN,CHM,BRA,1673.0309958142875
CAN,CHM,ZAF,55.3593833791641
CAN,CHM,RUS,10.234582731114388
CAN,CHM,SAU,68.03698411349077
CAN,CHM,AUS,455.3743278534234
CAN,CHM,ROW,41995.17185426201
CAN,TXL,CHN,95.31211775611825
CAN,TXL,USA,1.0
CAN,TXL,EU27,1.0
CAN,TXL,JPN,22.88777692552387
CAN,TXL,KOR,23.904142218286268
CAN,TXL,IND,1.0
CAN,TXL,CAN,4311.6705821356545
CAN,TXL,MEX,57.08772194521656
CAN,TXL,BRA,3.621628458577172
CAN,TXL,ZAF,1.385181069530937
CAN,TXL,RUS,1.0
CAN,TXL,SAU,1.3831830125325195
CAN,TXL,AUS,14.112928410429776
CAN,TXL,ROW,2270.4227380681295
CAN,WDP,CHN,2456.1780601851638
CAN,WDP,USA,1.0
CAN,WDP,EU27,1.0
CAN,WDP,JPN,1160.5701015552402
CAN,WDP,KOR,353.84142047281426
CAN,WDP,IND,1.0
CAN,WDP,CAN,50069.830366518625
CAN,WDP,MEX,173.78682262875577
CAN,WDP,BRA,28.040081325046753
CAN,WDP,ZAF,2.054415743779992
CAN,WDP,RUS,1.0
CAN,WDP,SAU,9.97148870729587
CAN,WDP,AUS,47.343043275166316
CAN,WDP,ROW,25013.68719958811
CAN,NMM,CHN,3598.8975625269836
CAN,NMM,USA,1.0
CAN,NMM,EU27,1.0
CAN,NMM,JPN,2169.2974931636763
CAN,NMM,KOR,1786.9082129819324
CAN,NMM,IND,1.0
CAN,NMM,CAN,79772.31599999999
CAN,NMM,MEX,912.8872862772555
CAN,NMM,BRA,130.1616979334645
CAN,NMM,ZAF,30.494286670383676
CAN,NMM,RUS,6.735949167131058
CAN,NMM,SAU,8.375574891369666
CAN,NMM,AUS,131.7172998984956
CAN,NMM,ROW,51814.30463648931
CAN,MAC,CHN,267.3626898090111
CAN,MAC,USA,1.0
CAN,MAC,EU27,1.0
CAN,MAC,JPN,125.45111215573917
CAN,MAC,KOR,61.731915395436424
CAN,MAC,IND,1.0
CAN,MAC,CAN,16165.760000000002
CAN,MAC,MEX,368.93774823327726
CAN,MAC,BRA,166.04794850227304
CAN,MAC,ZAF,64.44447133014843
CAN,MAC,RUS,19.428364603737908
CAN,MAC,SAU,59.132900705614134
CAN,MAC,AUS,359.7384349523477
CAN,MAC,ROW,20823.764414312416
CAN,ELE,CHN,530.0203671328442
CAN,ELE,USA,1.0
CAN,ELE,EU27,1.0
CAN,ELE,JPN,237.97110270231832
CAN,ELE,KOR,175.85038861826166
CAN,ELE,IND,1.0
CAN,ELE,CAN,9894.299000000003
CAN,ELE,MEX,256.21718382734673
CAN,ELE,BRA,70.38826516660377
CAN,ELE,ZAF,38.42652296092411
CAN,ELE,RUS,6.014869005994607
CAN,ELE,SAU,45.344076690009906
CAN,ELE,AUS,160.23158665396687
CAN,ELE,ROW,14144.90963724173
CAN,VEH,CHN,682.8332831698212
CAN,VEH,USA,1.0
CAN,VEH,EU27,1.0
CAN,VEH,JPN,81.36907251212943
CAN,VEH,KOR,32.58274403647157
CAN,VEH,IND,1.0
CAN,VEH,CAN,46319.514
CAN,VEH,MEX,1229.737626725276
CAN,VEH,BRA,135.65030430575368
CAN,VEH,ZAF,25.95907120558282
CAN,VEH,RUS,65.28990175402208
CAN,VEH,SAU,28.518248092023487
CAN,VEH,AUS,151.48443632712545
CAN,VEH,ROW,48246.47131187179
CAN,OTM,CHN,52.46537452596422
CAN,OTM,USA,1.0
CAN,OTM,EU27,1.0
CAN,OTM,JPN,29.068625829822704
CAN,OTM,KOR,21.816769283275228
CAN,OTM,IND,1.0
CAN,OTM,CAN,29139.661
CAN,OTM,MEX,64.86780945887791
CAN,OTM,BRA,8.811650538234
CAN,OTM,ZAF,2.1477573923442916
CAN,OTM,RUS,1.226021712209647
CAN,OTM,SAU,321.93835408962957
CAN,OTM,AUS,37.15312074083161
CAN,OTM,ROW,10282.514516428811
CAN,SRV,CHN,8849.768918279637
CAN,SRV,USA,119429.48216281635
CAN,SRV,EU27,39190.94948423533
CAN,SRV,JPN,2652.7776146419146
CAN,SRV,KOR,2678.5756684582684
CAN,SRV,IND,10527.021388565365
CAN,SRV,CAN,2541971.369
CAN,SRV,MEX,2195.6458945340655
CAN,SRV,BRA,1259.652751065499
CAN,SRV,ZAF,374.40718318372967
CAN,SRV,RUS,385.3344697450921
CAN,SRV,SAU,673.6277382641139
CAN,SRV,AUS,2521.80163387843
CAN,SRV,ROW,49003.30809233223
MEX,AGF,CHN,1.0
MEX,AGF,USA,1.0
MEX,AGF,EU27,1.0
MEX,AGF,JPN,1.0
MEX,AGF,KOR,1.0
MEX,AGF,IND,1.0
MEX,AGF,CAN,1.0
MEX,AGF,MEX,240509.93000000002
MEX,AGF,BRA,1.0
MEX,AGF,ZAF,1.0
MEX,AGF,RUS,1.0
MEX,AGF,SAU,1.0
MEX,AGF,AUS,1.0
MEX,AGF,ROW,38030.959
MEX,MIN,CHN,1.0
MEX,MIN,USA,1.0
MEX,MIN,EU27,1.0
MEX,MIN,JPN,1.0
MEX,MIN,KOR,1.0
MEX,MIN,IND,1.0
MEX,MIN,CAN,1.0
MEX,MIN,MEX,30800.748
MEX,MIN,BRA,1.0
MEX,MIN,ZAF,1.0
MEX,MIN,RUS,1.0
MEX,MIN,SAU,1.0
MEX,MIN,AUS,1.0
MEX,MIN,ROW,9631.877999999999
MEX,ENR,CHN,1.0
MEX,ENR,USA,1.0
MEX,ENR,EU27,1.0
MEX,ENR,JPN,1.0
MEX,ENR,KOR,1.0
MEX,ENR,IND,1.0
MEX,ENR,CAN,1.0
MEX,ENR,MEX,55540.031
MEX,ENR,BRA,1.0
MEX,ENR,ZAF,1.0
MEX,ENR,RUS,1.0
MEX,ENR,SAU,1.0
MEX,ENR,AUS,1.0
MEX,ENR,ROW,35088.25
MEX,CHM,CHN,1.0
MEX,CHM,USA,1.0
MEX,CHM,EU27,1.0
MEX,CHM,JPN,1.0
MEX,CHM,KOR,1.0
MEX,CHM,IND,1.0
MEX,CHM,CAN,1.0
MEX,CHM,MEX,78082.36200000001
MEX,CHM,BRA,1.0
MEX,CHM,ZAF,1.0
MEX,CHM,RUS,1.0
MEX,CHM,SAU,1.0
MEX,CHM,AUS,1.0
MEX,CHM,ROW,27128.954
MEX,TXL,CHN,1.0
MEX,TXL,USA,1.0
MEX,TXL,EU27,1.0
MEX,TXL,JPN,1.0
MEX,TXL,KOR,1.0
MEX,TXL,IND,1.0
MEX,TXL,CAN,1.0
MEX,TXL,MEX,14099.300000000001
MEX,TXL,BRA,1.0
MEX,TXL,ZAF,1.0
MEX,TXL,RUS,1.0
MEX,TXL,SAU,1.0
MEX,TXL,AUS,1.0
MEX,TXL,ROW,7146.794
MEX,WDP,CHN,1.0
MEX,WDP,USA,1.0
MEX,WDP,EU27,1.0
MEX,WDP,JPN,1.0
MEX,WDP,KOR,1.0
MEX,WDP,IND,1.0
MEX,WDP,CAN,1.0
MEX,WDP,MEX,26243.106
MEX,WDP,BRA,1.0
MEX,WDP,ZAF,1.0
MEX,WDP,RUS,1.0
MEX,WDP,SAU,1.0
MEX,WDP,AUS,1.0
MEX,WDP,ROW,3467.8779999999997
MEX,NMM,CHN,1.0
MEX,NMM,USA,1.0
MEX,NMM,EU27,1.0
MEX,NMM,JPN,1.0
MEX,NMM,KOR,1.0
MEX,NMM,IND,1.0
MEX,NMM,CAN,1.0
MEX,NMM,MEX,92799.76000000001
MEX,NMM,BRA,1.0
MEX,NMM,ZAF,1.0
MEX,NMM,RUS,1.0
MEX,NMM,SAU,1.0
MEX,NMM,AUS,1.0
MEX,NMM,ROW,33535.655
MEX,MAC,CHN,1.0
MEX,MAC,USA,1.0
MEX,MAC,EU27,1.0
MEX,MAC,JPN,1.0
MEX,MAC,KOR,1.0
MEX,MAC,IND,1.0
MEX,MAC,CAN,1.0
MEX,MAC,MEX,6588.707999999999
MEX,MAC,BRA,1.0
MEX,MAC,ZAF,1.0
MEX,MAC,RUS,1.0
MEX,MAC,SAU,1.0
MEX,MAC,AUS,1.0
MEX,MAC,ROW,33930.842000000004
MEX,ELE,CHN,1.0
MEX,ELE,USA,1.0
MEX,ELE,EU27,1.0
MEX,ELE,JPN,1.0
MEX,ELE,KOR,1.0
MEX,ELE,IND,1.0
MEX,ELE,CAN,1.0
MEX,ELE,MEX,47174.93000000001
MEX,ELE,BRA,1.0
MEX,ELE,ZAF,1.0
MEX,ELE,RUS,1.0
MEX,ELE,SAU,1.0
MEX,ELE,AUS,1.0
MEX,ELE,ROW,108924.71399999999
MEX,VEH,CHN,1.0
MEX,VEH,USA,1.0
MEX,VEH,EU27,1.0
MEX,VEH,JPN,1.0
MEX,VEH,KOR,1.0
MEX,VEH,IND,1.0
MEX,VEH,CAN,1.0
MEX,VEH,MEX,73212.57500000001
MEX,VEH,BRA,1.0
MEX,VEH,ZAF,1.0
MEX,VEH,RUS,1.0
MEX,VEH,SAU,1.0
MEX,VEH,AUS,1.0
MEX,VEH,ROW,150275.16
MEX,OTM,CHN,1.0
MEX,OTM,USA,1.0
MEX,OTM,EU27,1.0
MEX,OTM,JPN,1.0
MEX,OTM,KOR,1.0
MEX,OTM,IND,1.0
MEX,OTM,CAN,1.0
MEX,OTM,MEX,14159.623
MEX,OTM,BRA,1.0
MEX,OTM,ZAF,1.0
MEX,OTM,RUS,1.0
MEX,OTM,SAU,1.0
MEX,OTM,AUS,1.0
MEX,OTM,ROW,17236.537
MEX,SRV,CHN,1877.828314480801
MEX,SRV,USA,87434.17107596014
MEX,SRV,EU27,20256.858630405583
MEX,SRV,JPN,409.0006582395002
MEX,SRV,KOR,829.7746779962487
MEX,SRV,IND,765.1784224438763
MEX,SRV,CAN,4031.1701558357568
MEX,SRV,MEX,1315835.53
MEX,SRV,BRA,474.50789519858387
MEX,SRV,ZAF,64.76132717127558
MEX,SRV,RUS,53.15335459960138
MEX,SRV,SAU,355.2669354575227
MEX,SRV,AUS,113.29457525577372
MEX,SRV,ROW,18419.84397695533
BRA,AGF,CHN,37333.93690142114
BRA,AGF,USA,1.0
BRA,AGF,EU27,1.0
BRA,AGF,JPN,2988.8481566894325
BRA,AGF,KOR,1931.0489286328957
BRA,AGF,IND,1.0
BRA,AGF,CAN,707.1736359014569
BRA,AGF,MEX,1321.9550266001745
BRA,AGF,BRA,377883.365
BRA,AGF,ZAF,364.76521092243564
BRA,AGF,RUS,1441.7003164959583
BRA,AGF,SAU,2074.0159762969643
BRA,AGF,AUS,173.42990622087876
BRA,AGF,ROW,61130.48894081866
BRA,MIN,CHN,15873.051901897443
BRA,MIN,USA,1.0
BRA,MIN,EU27,1.0
BRA,MIN,JPN,347.90479096254154
BRA,MIN,KOR,23.443303467533013
BRA,MIN,IND,1.0
BRA,MIN,CAN,1286.700884705221
BRA,MIN,MEX,337.16111054161104
BRA,MIN,BRA,42854.243999999984
BRA,MIN,ZAF,80.90124100415578
BRA,MIN,RUS,9.74169994024501
BRA,MIN,SAU,3.7096474433266544
BRA,MIN,AUS,14.25778139698099
BRA,MIN,ROW,17556.07063864095
BRA,ENR,CHN,15666.754430727635
BRA,ENR,USA,1.0
BRA,ENR,EU27,1.0
BRA,ENR,JPN,4.896434282414933
BRA,ENR,KOR,1612.1894381567424
BRA,ENR,IND,1.0
BRA,ENR,CAN,106.66775819049033
BRA,ENR,MEX,31.075609300449656
BRA,ENR,BRA,190690.52867099692
BRA,ENR,ZAF,298.2821025102941
BRA,ENR,RUS,1.0
BRA,ENR,SAU,56.1468457437599
BRA,ENR,AUS,1.0
BRA,ENR,ROW,34948.59871009131
BRA,CHM,CHN,743.9090173062247
BRA,CHM,USA,1.0
BRA,CHM,EU27,1.0
BRA,CHM,JPN,392.0816310079528
BRA,CHM,KOR,614.7575342365586
BRA,CHM,IND,1.0
BRA,CHM,CAN,148.59575072776192
BRA,CHM,MEX,793.3071873368145
BRA,CHM,BRA,160394.299
BRA,CHM,ZAF,156.59559393040013
BRA,CHM,RUS,35.572880504992455
BRA,CHM,SAU,22.505699332601264
BRA,CHM,AUS,79.04439678103508
BRA,CHM,ROW,14223.330308835659
BRA,TXL,CHN,231.6125974772529
BRA,TXL,USA,1.0
BRA,TXL,EU27,1.0
BRA,TXL,JPN,12.883992055762006
BRA,TXL,KOR,26.63705782553484
BRA,TXL,IND,1.0
BRA,TXL,CAN,16.768823319553846
BRA,TXL,MEX,89.96245483934591
BRA,TXL,BRA,41256.595
BRA,TXL,ZAF,11.80521025699347
BRA,TXL,RUS,2.8278949694052153
BRA,TXL,SAU,3.2463136018582928
BRA,TXL,AUS,20.90170296130778
BRA,TXL,ROW,2655.510952692986
BRA,WDP,CHN,2840.62655715356
BRA,WDP,USA,1.0
BRA,WDP,EU27,1.0
BRA,WDP,JPN,282.704388228419
BRA,WDP,KOR,154.81496076466016
BRA,WDP,IND,1.0
BRA,WDP,CAN,51.10010413057508
BRA,WDP,MEX,372.9154165434433
BRA,WDP,BRA,37422.128
BRA,WDP,ZAF,112.13901872362392
BRA,WDP,RUS,1.2102466308381112
BRA,WDP,SAU,94.12044586987223
BRA,WDP,AUS,61.025749030024
BRA,WDP,ROW,8511.604112924986
BRA,NMM,CHN,7978.599914410211
BRA,NMM,USA,1.0
BRA,NMM,EU27,1.0
BRA,NMM,JPN,757.7496208857706
BRA,NMM,KOR,451.03809423671925
BRA,NMM,IND,1.0
BRA,NMM,CAN,781.6440283981674
BRA,NMM,MEX,537.5864879717706
BRA,NMM,BRA,135141.885
BRA,NMM,ZAF,68.25878518296743
BRA,NMM,RUS,11.234330796428747
BRA,NMM,SAU,22.849396884428575
BRA,NMM,AUS,11.465595475536595
BRA,NMM,ROW,13092.313745758001
BRA,MAC,CHN,189.82625869495845
BRA,MAC,USA,1.0
BRA,MAC,EU27,1.0
BRA,MAC,JPN,44.024930093125796
BRA,MAC,KOR,15.025530429915534
BRA,MAC,IND,1.0
BRA,MAC,CAN,117.06757930330467
BRA,MAC,MEX,519.4251054985692
BRA,MAC,BRA,42869.828
BRA,MAC,ZAF,111.93894371254682
BRA,MAC,RUS,44.566783894826685
BRA,MAC,SAU,15.826198008008193
BRA,MAC,AUS,121.69253208846382
BRA,MAC,ROW,6307.424138276281
BRA,ELE,CHN,94.09499974481565
BRA,ELE,USA,1.0
BRA,ELE,EU27,1.0
BRA,ELE,JPN,16.549056547018914
BRA,ELE,KOR,9.356120195877004
BRA,ELE,IND,1.0
BRA,ELE,CAN,41.554688048023145
BRA,ELE,MEX,298.5114766065046
BRA,ELE,BRA,54689.978
BRA,ELE,ZAF,35.6198992123259
BRA,ELE,RUS,5.466036956486003
BRA,ELE,SAU,9.148111417276342
BRA,ELE,AUS,15.069833537871247
BRA,ELE,ROW,3757.000777733801
BRA,VEH,CHN,51.5691454949766
BRA,VEH,USA,1.0
BRA,VEH,EU27,1.0
BRA,VEH,JPN,15.448495823863258
BRA,VEH,KOR,11.882542450643692
BRA,VEH,IND,1.0
BRA,VEH,CAN,151.31223810200245
BRA,VEH,MEX,1243.094646740576
BRA,VEH,BRA,80324.89408155179
BRA,VEH,ZAF,155.14783325778654
BRA,VEH,RUS,7.885285688501466
BRA,VEH,SAU,1.0
BRA,VEH,AUS,47.28229141199794
BRA,VEH,ROW,13073.305439477846
BRA,OTM,CHN,10.306417861677694
BRA,OTM,USA,1.0
BRA,OTM,EU27,1.0
BRA,OTM,JPN,3.5225678696350453
BRA,OTM,KOR,2.46155859659561
BRA,OTM,IND,1.0
BRA,OTM,CAN,23.63535656948875
BRA,OTM,MEX,51.724247987323714
BRA,OTM,BRA,43340.47
BRA,OTM,ZAF,17.241857205654874
BRA,OTM,RUS,1.9083426422338807
BRA,OTM,SAU,19.942327812149312
BRA,OTM,AUS,8.750985028433002
BRA,OTM,ROW,2169.950338426808
BRA,SRV,CHN,3721.7094469439544
BRA,SRV,USA,19233.258970271014
BRA,SRV,EU27,19541.467090097605
BRA,SRV,JPN,1064.1561946463055
BRA,SRV,KOR,987.3925336645477
BRA,SRV,IND,3480.2193560598535
BRA,SRV,CAN,963.8363638001473
BRA,SRV,MEX,456.7582108557363
BRA,SRV,BRA,2074190.224
BRA,SRV,ZAF,754.3291896187909
BRA,SRV,RUS,783.7169650489043
BRA,SRV,SAU,1659.6348306384546
BRA,SRV,AUS,455.9818272142869
BRA,SRV,ROW,39449.40902114042
ZAF,AGF,CHN,721.2380177768692
ZAF,AGF,USA,1.0
ZAF,AGF,EU27,1.0
ZAF,AGF,JPN,358.57098465415044
ZAF,AGF,KOR,99.60359986070986
ZAF,AGF,IND,1.0
ZAF,AGF,CAN,214.09669813503646
ZAF,AGF,MEX,69.88529008088128
ZAF,AGF,BRA,12.435910474499845
ZAF,AGF,ZAF,49115.957
ZAF,AGF,RUS,247.2029911055332
ZAF,AGF,SAU,144.90963904103546
ZAF,AGF,AUS,75.10139860262447
ZAF,AGF,ROW,11092.44547026866
ZAF,MIN,CHN,1068.1126133444334
ZAF,MIN,USA,1.0
ZAF,MIN,EU27,1.0
ZAF,MIN,JPN,688.0713556775199
ZAF,MIN,KOR,104.83329869987712
ZAF,MIN,IND,1.0
ZAF,MIN,CAN,56.7242452739293
ZAF,MIN,MEX,2.8030598933895883
ZAF,MIN,BRA,372.0866989513878
ZAF,MIN,ZAF,27193.89499999999
ZAF,MIN,RUS,2.3884793644619093
ZAF,MIN,SAU,377.9517894682293
ZAF,MIN,AUS,197.61353311734683
ZAF,MIN,ROW,33904.843926209425
ZAF,ENR,CHN,34.25645670867111
ZAF,ENR,USA,1.0
ZAF,ENR,EU27,1.0
ZAF,ENR,JPN,67.4776316733437
ZAF,ENR,KOR,325.27346034151543
ZAF,ENR,IND,1.0
ZAF,ENR,CAN,1.0
ZAF,ENR,MEX,1.0
ZAF,ENR,BRA,17.71015357292667
ZAF,ENR,ZAF,20818.03885309699
ZAF,ENR,RUS,1.0
ZAF,ENR,SAU,1.6630009943618551
ZAF,ENR,AUS,1.0
ZAF,ENR,ROW,3519.809443612189
ZAF,CHM,CHN,249.76015686151948
ZAF,CHM,USA,1.0
ZAF,CHM,EU27,1.0
ZAF,CHM,JPN,97.30984048322026
ZAF,CHM,KOR,35.548059830828436
ZAF,CHM,IND,1.0
ZAF,CHM,CAN,65.71709026915153
ZAF,CHM,MEX,23.737201837786934
ZAF,CHM,BRA,74.73348058648313
ZAF,CHM,ZAF,10858.159
ZAF,CHM,RUS,1.833434003873995
ZAF,CHM,SAU,56.121288117538235
ZAF,CHM,AUS,94.13916505159234
ZAF,CHM,ROW,8009.796282958006
ZAF,TXL,CHN,7.116400014587828
ZAF,TXL,USA,1.0
ZAF,TXL,EU27,1.0
ZAF,TXL,JPN,1.0
ZAF,TXL,KOR,1.0
ZAF,TXL,IND,1.0
ZAF,TXL,CAN,1.985861462486126
ZAF,TXL,MEX,11.238782902723404
ZAF,TXL,BRA,3.6478169544444135
ZAF,TXL,ZAF,4227.352852614842
ZAF,TXL,RUS,1.0
ZAF,TXL,SAU,2.209225915858461
ZAF,TXL,AUS,17.84351257721277
ZAF,TXL,ROW,879.1215475578445
ZAF,WDP,CHN,407.3402119577787
ZAF,WDP,USA,1.0
ZAF,WDP,EU27,1.0
ZAF,WDP,JPN,210.12552083946585
ZAF,WDP,KOR,9.172368764562766
ZAF,WDP,IND,1.0
ZAF,WDP,CAN,1.0
ZAF,WDP,MEX,2.69244730728382
ZAF,WDP,BRA,1.9199746562707434
ZAF,WDP,ZAF,7021.621777103417
ZAF,WDP,RUS,1.0
ZAF,WDP,SAU,33.19046272420006
ZAF,WDP,AUS,5.381180841606706
ZAF,WDP,ROW,2536.627055805415
ZAF,NMM,CHN,2597.0358646936106
ZAF,NMM,USA,1.0
ZAF,NMM,EU27,1.0
ZAF,NMM,JPN,1807.003233166253
ZAF,NMM,KOR,246.06499058391447
ZAF,NMM,IND,1.0
ZAF,NMM,CAN,16.332858443461994
ZAF,NMM,MEX,36.504814531484094
ZAF,NMM,BRA,39.93562947915486
ZAF,NMM,ZAF,19706.083
ZAF,NMM,RUS,4.313105463569575
ZAF,NMM,SAU,16.289580777723632
ZAF,NMM,AUS,27.811278425078832
ZAF,NMM,ROW,7613.260644435748
ZAF,MAC,CHN,24.145778318303737
ZAF,MAC,USA,1.0
ZAF,MAC,EU27,1.0
ZAF,MAC,JPN,12.796747518209767
ZAF,MAC,KOR,55.56447398657886
ZAF,MAC,IND,1.0
ZAF,MAC,CAN,50.59290880167576
ZAF,MAC,MEX,19.93368030704957
ZAF,MAC,BRA,89.9941253942362
ZAF,MAC,ZAF,2852.745
ZAF,MAC,RUS,8.887519773934622
ZAF,MAC,SAU,13.166001708047043
ZAF,MAC,AUS,101.44956405335621
ZAF,MAC,ROW,5607.189200138609
ZAF,ELE,CHN,15.510083700789309
ZAF,ELE,USA,1.0
ZAF,ELE,EU27,1.0
ZAF,ELE,JPN,5.544253899010126
ZAF,ELE,KOR,2.4741501284629828
ZAF,ELE,IND,1.0
ZAF,ELE,CAN,31.26188877540526
ZAF,ELE,MEX,3.393077673867608
ZAF,ELE,BRA,10.915229876454305
ZAF,ELE,ZAF,3199.38
ZAF,ELE,RUS,1.424912412305253
ZAF,ELE,SAU,9.119428615009983
ZAF,ELE,AUS,56.182130891878764
ZAF,ELE,ROW,2665.0628440268165
ZAF,VEH,CHN,12.198817073154226
ZAF,VEH,USA,1.0
ZAF,VEH,EU27,1.0
ZAF,VEH,JPN,546.1633776819785
ZAF,VEH,KOR,121.46074139856265
ZAF,VEH,IND,1.0
ZAF,VEH,CAN,6.587904993096548
ZAF,VEH,MEX,86.66383414103211
ZAF,VEH,BRA,50.496022218930015
ZAF,VEH,ZAF,6629.911174651132
ZAF,VEH,RUS,1.0
ZAF,VEH,SAU,62.40535028483574
ZAF,VEH,AUS,336.4639934769017
ZAF,VEH,ROW,12027.846784080377
ZAF,OTM,CHN,4.186936533031218
ZAF,OTM,USA,1.0
ZAF,OTM,EU27,1.0
ZAF,OTM,JPN,1.5804371173942842
ZAF,OTM,KOR,1.0
ZAF,OTM,IND,1.0
ZAF,OTM,CAN,3.958588601539
ZAF,OTM,MEX,1.2322389276330232
ZAF,OTM,BRA,1.0
ZAF,OTM,ZAF,4702.380716927531
ZAF,OTM,RUS,1.0
ZAF,OTM,SAU,3.3594866692582652
ZAF,OTM,AUS,28.965329293665654
ZAF,OTM,ROW,1079.9622659299482
ZAF,SRV,CHN,1710.582740720241
ZAF,SRV,USA,3214.446107308053
ZAF,SRV,EU27,7831.467707843627
ZAF,SRV,JPN,429.50463692911376
ZAF,SRV,KOR,780.916018212541
ZAF,SRV,IND,1721.6199828995575
ZAF,SRV,CAN,337.2847538948709
ZAF,SRV,MEX,44.27848850404421
ZAF,SRV,BRA,467.4273692568836
ZAF,SRV,ZAF,493758.52300000004
ZAF,SRV,RUS,163.097415467006
ZAF,SRV,SAU,352.60349635920545
ZAF,SRV,AUS,495.58045019620295
ZAF,SRV,ROW,9207.366832408656
RUS,AGF,CHN,14296.257948286673
RUS,AGF,USA,2822.599802893183
RUS,AGF,EU27,7863.085799488811
RUS,AGF,JPN,2841.926137166286
RUS,AGF,KOR,3709.4040543618353
RUS,AGF,IND,1.0
RUS,AGF,CAN,91.65230959247877
RUS,AGF,MEX,1.0
RUS,AGF,BRA,343.7030928313651
RUS,AGF,ZAF,102.51445248789723
RUS,AGF,RUS,317003.11600000004
RUS,AGF,SAU,3384.4440023442407
RUS,AGF,AUS,9.767400547229816
RUS,AGF,ROW,1.0
RUS,MIN,CHN,8058.331465283185
RUS,MIN,USA,841.3860608536777
RUS,MIN,EU27,14072.049855268184
RUS,MIN,JPN,420.39814921542285
RUS,MIN,KOR,99.46033726844567
RUS,MIN,IND,1.0
RUS,MIN,CAN,5.630663720891085
RUS,MIN,MEX,1.0
RUS,MIN,BRA,2218.9656881055125
RUS,MIN,ZAF,101.82585403829114
RUS,MIN,RUS,137930.88892624638
RUS,MIN,SAU,1.0
RUS,MIN,AUS,1.0
RUS,MIN,ROW,1.0
RUS,ENR,CHN,67939.16019572924
RUS,ENR,USA,4205.962831156256
RUS,ENR,EU27,123394.01191585723
RUS,ENR,JPN,8095.141333561367
RUS,ENR,KOR,8878.389615151822
RUS,ENR,IND,1.0
RUS,ENR,CAN,37.9843182514598
RUS,ENR,MEX,1.0
RUS,ENR,BRA,1499.5360276812778
RUS,ENR,ZAF,44.95014718343314
RUS,ENR,RUS,142285.02999999994
RUS,ENR,SAU,48.95973227211584
RUS,ENR,AUS,202.4608831558293
RUS,ENR,ROW,1.0
RUS,CHM,CHN,4602.612652538571
RUS,CHM,USA,4440.181942363491
RUS,CHM,EU27,11887.577324176478
RUS,CHM,JPN,205.81743416017136
RUS,CHM,KOR,616.8792016907004
RUS,CHM,IND,1.0
RUS,CHM,CAN,397.7225305087178
RUS,CHM,MEX,1.0
RUS,CHM,BRA,8839.260412373595
RUS,CHM,ZAF,418.7553727791816
RUS,CHM,RUS,80599.155
RUS,CHM,SAU,165.2970926114799
RUS,CHM,AUS,297.7340367976229
RUS,CHM,ROW,1.0
RUS,TXL,CHN,133.95746953961483
RUS,TXL,USA,69.09202254656901
RUS,TXL,EU27,1771.9417299410911
RUS,TXL,JPN,24.29335571044789
RUS,TXL,KOR,47.13807437499533
RUS,TXL,IND,1.0
RUS,TXL,CAN,7.87921005695434
RUS,TXL,MEX,1.0
RUS,TXL,BRA,6.1752708573255575
RUS,TXL,ZAF,1.506695640036208
RUS,TXL,RUS,12901.384000000002
RUS,TXL,SAU,37.03306189004478
RUS,TXL,AUS,6.88010944292087
RUS,TXL,ROW,1.0
RUS,WDP,CHN,8602.896101682101
RUS,WDP,USA,552.3261684026413
RUS,WDP,EU27,3326.7709871736038
RUS,WDP,JPN,821.1517286426591
RUS,WDP,KOR,572.1038898708767
RUS,WDP,IND,1.0
RUS,WDP,CAN,41.61476925991247
RUS,WDP,MEX,1.0
RUS,WDP,BRA,5.341508100441245
RUS,WDP,ZAF,46.68853525663665
RUS,WDP,RUS,33054.721999999994
RUS,WDP,SAU,73.55324679772264
RUS,WDP,AUS,76.42306481340701
RUS,WDP,ROW,1.0
RUS,NMM,CHN,21127.500788247053
RUS,NMM,USA,7611.035900229116
RUS,NMM,EU27,33762.79656660332
RUS,NMM,JPN,4640.5521471167995
RUS,NMM,KOR,1948.3056369942205
RUS,NMM,IND,1.0
RUS,NMM,CAN,235.69428619319342
RUS,NMM,MEX,1.0
RUS,NMM,BRA,300.45323153278486
RUS,NMM,ZAF,164.8533682805319
RUS,NMM,RUS,202304.70499999996
RUS,NMM,SAU,780.5293101833073
RUS,NMM,AUS,67.42876461968626
RUS,NMM,ROW,1.0
RUS,MAC,CHN,918.071060623907
RUS,MAC,USA,537.8897093624436
RUS,MAC,EU27,3500.9740964067005
RUS,MAC,JPN,61.9538512349235
RUS,MAC,KOR,78.6115283818819
RUS,MAC,IND,1.0
RUS,MAC,CAN,47.62935031900819
RUS,MAC,MEX,1.0
RUS,MAC,BRA,133.6571325654127
RUS,MAC,ZAF,25.43333566887992
RUS,MAC,RUS,24434.168999999994
RUS,MAC,SAU,35.290821885544595
RUS,MAC,AUS,5.795113551299103
RUS,MAC,ROW,1.0
RUS,ELE,CHN,2227.0279277131012
RUS,ELE,USA,1295.6232080265302
RUS,ELE,EU27,4421.760678196206
RUS,ELE,JPN,79.52205020699532
RUS,ELE,KOR,186.98261625503204
RUS,ELE,IND,1.0
RUS,ELE,CAN,97.44190190572905
RUS,ELE,MEX,1.0
RUS,ELE,BRA,297.3229779841238
RUS,ELE,ZAF,98.13263816269945
RUS,ELE,RUS,42474.666
RUS,ELE,SAU,128.01797355559154
RUS,ELE,AUS,31.80002799399332
RUS,ELE,ROW,1.0
RUS,VEH,CHN,3064.8903345126687
RUS,VEH,USA,1006.0794995254233
RUS,VEH,EU27,5476.950279337465
RUS,VEH,JPN,51.186949467689075
RUS,VEH,KOR,1013.0730345478762
RUS,VEH,IND,1.0
RUS,VEH,CAN,381.6664366445872
RUS,VEH,MEX,1.0
RUS,VEH,BRA,26.013411105219035
RUS,VEH,ZAF,6.212346974597159
RUS,VEH,RUS,98961.18699999999
RUS,VEH,SAU,11.141681048292147
RUS,VEH,AUS,63.546026836184886
RUS,VEH,ROW,1.0
RUS,OTM,CHN,118.26927978660312
RUS,OTM,USA,1000.880324214965
RUS,OTM,EU27,1893.0211648543136
RUS,OTM,JPN,27.79382568142425
RUS,OTM,KOR,51.691275206330516
RUS,OTM,IND,1.0
RUS,OTM,CAN,29.789576579009875
RUS,OTM,MEX,1.0
RUS,OTM,BRA,4.379386686750009
RUS,OTM,ZAF,8.822628802376098
RUS,OTM,RUS,41587.087
RUS,OTM,SAU,62.78147867095662
RUS,OTM,AUS,8.396059517271093
RUS,OTM,ROW,1.0
RUS,SRV,CHN,17661.187552292173
RUS,SRV,USA,8514.584819587986
RUS,SRV,EU27,49104.775393112424
RUS,SRV,JPN,1842.752963133358
RUS,SRV,KOR,3282.737988159657
RUS,SRV,IND,6509.476061521498
RUS,SRV,CAN,1292.1567084184967
RUS,SRV,MEX,53.52458181253255
RUS,SRV,BRA,1384.2047953738975
RUS,SRV,ZAF,167.47900161028525
RUS,SRV,RUS,2374569.829
RUS,SRV,SAU,1304.4652406988753
RUS,SRV,AUS,168.92057901169528
RUS,SRV,ROW,72458.48131526713
SAU,AGF,CHN,109.44860584585722
SAU,AGF,USA,1.0
SAU,AGF,EU27,1.0
SAU,AGF,JPN,3.625135996888743
SAU,AGF,KOR,2.0199038255374946
SAU,AGF,IND,1.0
SAU,AGF,CAN,3.068677523547458
SAU,AGF,MEX,1.0
SAU,AGF,BRA,1.2647983845651138
SAU,AGF,ZAF,4.17511739222861
SAU,AGF,RUS,2.1326544956267828
SAU,AGF,SAU,84806.71752958128
SAU,AGF,AUS,4.708794284455157
SAU,AGF,ROW,3950.258782670018
SAU,MIN,CHN,114.77933748015703
SAU,MIN,USA,1.0
SAU,MIN,EU27,1.0
SAU,MIN,JPN,1.0
SAU,MIN,KOR,2.4663113961286958
SAU,MIN,IND,1.0
SAU,MIN,CAN,1.0
SAU,MIN,MEX,1.0
SAU,MIN,BRA,2.776059532598336
SAU,MIN,ZAF,10.038751820297836
SAU,MIN,RUS,1.0
SAU,MIN,SAU,5938.09619781521
SAU,MIN,AUS,1.0
SAU,MIN,ROW,1471.433341955608
SAU,ENR,CHN,1.0
SAU,ENR,USA,1.0
SAU,ENR,EU27,1.0
SAU,ENR,JPN,1.0
SAU,ENR,KOR,1.0
SAU,ENR,IND,1.0
SAU,ENR,CAN,1.0
SAU,ENR,MEX,1.0
SAU,ENR,BRA,1.0
SAU,ENR,ZAF,1.0
SAU,ENR,RUS,1.0
SAU,ENR,SAU,166177.49326238473
SAU,ENR,AUS,1.0
SAU,ENR,ROW,292507.77873761527
SAU,CHM,CHN,8479.106875634428
SAU,CHM,USA,1.0
SAU,CHM,EU27,1.0
SAU,CHM,JPN,463.51090533680843
SAU,CHM,KOR,1327.56137724258
SAU,CHM,IND,1.0
SAU,CHM,CAN,39.42875855355414
SAU,CHM,MEX,26.45473954134056
SAU,CHM,BRA,1059.734240205166
SAU,CHM,ZAF,821.2563137721988
SAU,CHM,RUS,11.413431953553607
SAU,CHM,SAU,33409.727
SAU,CHM,AUS,937.3973674434156
SAU,CHM,ROW,40339.74399031696
SAU,TXL,CHN,13.24879967749708
SAU,TXL,USA,1.0
SAU,TXL,EU27,1.0
SAU,TXL,JPN,1.0
SAU,TXL,KOR,1.0
SAU,TXL,IND,1.0
SAU,TXL,CAN,1.9800247504297657
SAU,TXL,MEX,1.0
SAU,TXL,BRA,1.0
SAU,TXL,ZAF,1.1534562897241312
SAU,TXL,RUS,1.0
SAU,TXL,SAU,8058.251318083967
SAU,TXL,AUS,15.061392882453783
SAU,TXL,ROW,558.5860083159296
SAU,WDP,CHN,1.0
SAU,WDP,USA,1.0
SAU,WDP,EU27,1.0
SAU,WDP,JPN,1.0
SAU,WDP,KOR,1.0
SAU,WDP,IND,1.0
SAU,WDP,CAN,1.0
SAU,WDP,MEX,2.2681546919781326
SAU,WDP,BRA,1.0
SAU,WDP,ZAF,8.074600429792982
SAU,WDP,RUS,1.0
SAU,WDP,SAU,11293.746382038571
SAU,WDP,AUS,1.0
SAU,WDP,ROW,1659.8408628396587
SAU,NMM,CHN,894.6018573604246
SAU,NMM,USA,1.0
SAU,NMM,EU27,1.0
SAU,NMM,JPN,398.8055494861745
SAU,NMM,KOR,480.8315877626269
SAU,NMM,IND,1.0
SAU,NMM,CAN,26.537156264465484
SAU,NMM,MEX,13.28741439125601
SAU,NMM,BRA,58.215012276822804
SAU,NMM,ZAF,48.35825888024633
SAU,NMM,RUS,11.275298401607351
SAU,NMM,SAU,29734.682
SAU,NMM,AUS,70.66271899965992
SAU,NMM,ROW,5986.923146176717
SAU,MAC,CHN,52.79630223558851
SAU,MAC,USA,1.0
SAU,MAC,EU27,1.0
SAU,MAC,JPN,10.455524306172132
SAU,MAC,KOR,1.0
SAU,MAC,IND,1.0
SAU,MAC,CAN,1.701279426159583
SAU,MAC,MEX,1.0
SAU,MAC,BRA,2.8800347894133553
SAU,MAC,ZAF,1.0
SAU,MAC,RUS,1.9550620116767428
SAU,MAC,SAU,3840.416289812019
SAU,MAC,AUS,1.050499489764776
SAU,MAC,ROW,941.8680079292054
SAU,ELE,CHN,7.488553778762089
SAU,ELE,USA,1.0
SAU,ELE,EU27,1.0
SAU,ELE,JPN,1.5915792866540401
SAU,ELE,KOR,1.0
SAU,ELE,IND,1.0
SAU,ELE,CAN,1.5706547073102102
SAU,ELE,MEX,1.0
SAU,ELE,BRA,1.0
SAU,ELE,ZAF,1.0151435040445569
SAU,ELE,RUS,1.0
SAU,ELE,SAU,9192.063602904467
SAU,ELE,AUS,1.0
SAU,ELE,ROW,724.9664658187619
SAU,VEH,CHN,1.0
SAU,VEH,USA,1.0
SAU,VEH,EU27,1.0
SAU,VEH,JPN,1.0
SAU,VEH,KOR,1.0
SAU,VEH,IND,1.0
SAU,VEH,CAN,1.0
SAU,VEH,MEX,1.0
SAU,VEH,BRA,1.0
SAU,VEH,ZAF,1.0
SAU,VEH,RUS,1.0
SAU,VEH,SAU,2373.7285516362094
SAU,VEH,AUS,1.0
SAU,VEH,ROW,74.81344836379054
SAU,OTM,CHN,1.0
SAU,OTM,USA,1.0
SAU,OTM,EU27,1.0
SAU,OTM,JPN,1.0
SAU,OTM,KOR,1.0
SAU,OTM,IND,1.0
SAU,OTM,CAN,1.0
SAU,OTM,MEX,1.0
SAU,OTM,BRA,1.0
SAU,OTM,ZAF,1.0
SAU,OTM,RUS,4.346375343894179
SAU,OTM,SAU,10161.956787560453
SAU,OTM,AUS,26.48104496155795
SAU,OTM,ROW,753.7117921340944
SAU,SRV,CHN,4122.0212262539535
SAU,SRV,USA,6272.319062284763
SAU,SRV,EU27,12594.672635237655
SAU,SRV,JPN,1092.126493026842
SAU,SRV,KOR,899.2502839672667
SAU,SRV,IND,2046.7144870533
SAU,SRV,CAN,1218.2708742832272
SAU,SRV,MEX,231.82053744671947
SAU,SRV,BRA,931.3965325215806
SAU,SRV,ZAF,258.37712112661086
SAU,SRV,RUS,488.07616694336974
SAU,SRV,SAU,963110.998
SAU,SRV,AUS,1031.1458812722549
SAU,SRV,ROW,29403.93069858246
AUS,AGF,CHN,7250.097574927947
AUS,AGF,USA,1.0
AUS,AGF,EU27,1.0
AUS,AGF,JPN,3172.70440826922
AUS,AGF,KOR,2262.9208571754034
AUS,AGF,IND,1.0
AUS,AGF,CAN,336.8434982160446
AUS,AGF,MEX,147.41757283692652
AUS,AGF,BRA,27.089666226067216
AUS,AGF,ZAF,153.71250171023564
AUS,AGF,RUS,1.178980545161406
AUS,AGF,SAU,901.3514481981739
AUS,AGF,AUS,153219.93199999997
AUS,AGF,ROW,21982.47649189482
AUS,MIN,CHN,175675.66298739024
AUS,MIN,USA,1.0
AUS,MIN,EU27,1.0
AUS,MIN,JPN,353.7536712722538
AUS,MIN,KOR,1768.0847520292382
AUS,MIN,IND,1.0
AUS,MIN,CAN,26.741741197603115
AUS,MIN,MEX,19.566397391012824
AUS,MIN,BRA,9.288446972608517
AUS,MIN,ZAF,94.80957386936872
AUS,MIN,RUS,1.0
AUS,MIN,SAU,320.1510362270151
AUS,MIN,AUS,73173.911
AUS,MIN,ROW,5676.415393650684
AUS,ENR,CHN,41.57206327201204
AUS,ENR,USA,1.0
AUS,ENR,EU27,1.0
AUS,ENR,JPN,16766.87997444595
AUS,ENR,KOR,5060.914687530328
AUS,ENR,IND,1.0
AUS,ENR,CAN,1.0
AUS,ENR,MEX,3.4187137155598384
AUS,ENR,BRA,629.074517603578
AUS,ENR,ZAF,83.44209357749564
AUS,ENR,RUS,1.0
AUS,ENR,SAU,11.16100939966661
AUS,ENR,AUS,26162.466168594852
AUS,ENR,ROW,51784.39977186055
AUS,CHM,CHN,1435.453236247968
AUS,CHM,USA,1.0
AUS,CHM,EU27,1.0
AUS,CHM,JPN,461.35448859561575
AUS,CHM,KOR,258.09446256484375
AUS,CHM,IND,1.0
AUS,CHM,CAN,60.68009928298573
AUS,CHM,MEX,12.978966382247815
AUS,CHM,BRA,128.41374924308118
AUS,CHM,ZAF,44.29505055935096
AUS,CHM,RUS,3.2386926646268703
AUS,CHM,SAU,59.236615287460516
AUS,CHM,AUS,27790.157
AUS,CHM,ROW,6905.947639171819
AUS,TXL,CHN,37.37065969641778
AUS,TXL,USA,1.0
AUS,TXL,EU27,1.0
AUS,TXL,JPN,9.357382554557626
AUS,TXL,KOR,6.202301214393071
AUS,TXL,IND,1.0
AUS,TXL,CAN,9.63714917472076
AUS,TXL,MEX,1.0
AUS,TXL,BRA,1.2230699479697162
AUS,TXL,ZAF,5.081199991094068
AUS,TXL,RUS,1.0
AUS,TXL,SAU,1.010278800934853
AUS,TXL,AUS,3414.9636751887138
AUS,TXL,ROW,654.564283431198
AUS,WDP,CHN,97.6177633596635
AUS,WDP,USA,1.0
AUS,WDP,EU27,1.0
AUS,WDP,JPN,14.965112189593142
AUS,WDP,KOR,32.26878351015844
AUS,WDP,IND,1.0
AUS,WDP,CAN,1.0
AUS,WDP,MEX,5.297883460516166
AUS,WDP,BRA,1.0
AUS,WDP,ZAF,26.32933937678112
AUS,WDP,RUS,1.0
AUS,WDP,SAU,5.906233891575786
AUS,WDP,AUS,21491.915436175404
AUS,WDP,ROW,1717.26644803631
AUS,NMM,CHN,15213.036404725786
AUS,NMM,USA,1.0
AUS,NMM,EU27,1.0
AUS,NMM,JPN,1524.375622747365
AUS,NMM,KOR,1670.9858490598958
AUS,NMM,IND,1.0
AUS,NMM,CAN,109.09775865322166
AUS,NMM,MEX,9.480530295338223
AUS,NMM,BRA,16.61005133113181
AUS,NMM,ZAF,110.3767007177788
AUS,NMM,RUS,23.985331492919517
AUS,NMM,SAU,7.7614149935256025
AUS,NMM,AUS,69007.99100000001
AUS,NMM,ROW,4674.132335983036
AUS,MAC,CHN,99.16253044425488
AUS,MAC,USA,1.0
AUS,MAC,EU27,1.0
AUS,MAC,JPN,58.68408439911901
AUS,MAC,KOR,21.19767874334715
AUS,MAC,IND,1.0
AUS,MAC,CAN,53.00499299210143
AUS,MAC,MEX,20.39659063324187
AUS,MAC,BRA,25.151455933831418
AUS,MAC,ZAF,46.98746308598711
AUS,MAC,RUS,13.369318632822981
AUS,MAC,SAU,12.827080377250736
AUS,MAC,AUS,10233.604
AUS,MAC,ROW,2126.7988047580434
AUS,ELE,CHN,143.65866557966504
AUS,ELE,USA,1.0
AUS,ELE,EU27,1.0
AUS,ELE,JPN,77.54917550060759
AUS,ELE,KOR,31.007257016821352
AUS,ELE,IND,1.0
AUS,ELE,CAN,31.589331513224298
AUS,ELE,MEX,6.386296524626691
AUS,ELE,BRA,11.465325246831727
AUS,ELE,ZAF,17.347877984100023
AUS,ELE,RUS,1.0
AUS,ELE,SAU,8.565883471616582
AUS,ELE,AUS,12127.39733369405
AUS,ELE,ROW,2477.4568534684554
AUS,VEH,CHN,40.496869841412696
AUS,VEH,USA,1.0
AUS,VEH,EU27,1.0
AUS,VEH,JPN,26.695000444481316
AUS,VEH,KOR,19.020999616463047
AUS,VEH,IND,1.0
AUS,VEH,CAN,29.99433461436143
AUS,VEH,MEX,2.025047927645216
AUS,VEH,BRA,14.273833393817364
AUS,VEH,ZAF,23.608647122337544
AUS,VEH,RUS,1.0
AUS,VEH,SAU,6.20102955051054
AUS,VEH,AUS,20295.40650437755
AUS,VEH,ROW,2964.6787331114156
AUS,OTM,CHN,52.16230236034232
AUS,OTM,USA,1.0
AUS,OTM,EU27,1.0
AUS,OTM,JPN,24.926328642540444
AUS,OTM,KOR,19.63567896683343
AUS,OTM,IND,1.0
AUS,OTM,CAN,24.811950969742064
AUS,OTM,MEX,1.0
AUS,OTM,BRA,1.7854849777477413
AUS,OTM,ZAF,7.779300180991737
AUS,OTM,RUS,1.0
AUS,OTM,SAU,2.4099550025156558
AUS,OTM,AUS,23552.349694561697
AUS,OTM,ROW,1292.5833043375874
AUS,SRV,CHN,11660.608712052388
AUS,SRV,USA,12555.710533283056
AUS,SRV,EU27,10248.283933913342
AUS,SRV,JPN,1827.6345785913013
AUS,SRV,KOR,3451.988151640639
AUS,SRV,IND,6485.264901193029
AUS,SRV,CAN,1074.7907547170157
AUS,SRV,MEX,143.32318595107617
AUS,SRV,BRA,632.1002112687432
AUS,SRV,ZAF,401.12608960559766
AUS,SRV,RUS,69.99157217699879
AUS,SRV,SAU,1034.9860316510528
AUS,SRV,AUS,2319127.926
AUS,SRV,ROW,37211.806343955745
ROW,AGF,CHN,91751.93104211809
ROW,AGF,USA,174095.55313460226
ROW,AGF,EU27,200008.61524665216
ROW,AGF,JPN,29591.56954580271
ROW,AGF,KOR,11492.457052226444
ROW,AGF,IND,29832.415177740335
ROW,AGF,CAN,11654.962870038558
ROW,AGF,MEX,8131.336721785112
ROW,AGF,BRA,13247.05447395995
ROW,AGF,ZAF,3365.656576916347
ROW,AGF,RUS,19167.65327446656
ROW,AGF,SAU,11013.57131733816
ROW,AGF,AUS,11205.764690581538
ROW,AGF,ROW,2724179.5538757723
ROW,MIN,CHN,47478.65520674968
ROW,MIN,USA,11343.072161963366
ROW,MIN,EU27,1.0
ROW,MIN,JPN,53012.72479844441
ROW,MIN,KOR,25138.54134979148
ROW,MIN,IND,83312.14516564671
ROW,MIN,CAN,1.0
ROW,MIN,MEX,1.0
ROW,MIN,BRA,1.0
ROW,MIN,ZAF,1019.7055633411293
ROW,MIN,RUS,4219.323032889918
ROW,MIN,SAU,6336.505520038213
ROW,MIN,AUS,1618.0405326485302
ROW,MIN,ROW,419013.45466848626
ROW,ENR,CHN,350108.3361163888
ROW,ENR,USA,244839.5807158691
ROW,ENR,EU27,646470.6516655998
ROW,ENR,JPN,152753.9039295457
ROW,ENR,KOR,137027.7001478615
ROW,ENR,IND,196037.35729188065
ROW,ENR,CAN,10303.786875329624
ROW,ENR,MEX,7864.888039578167
ROW,ENR,BRA,1402.8410069452475
ROW,ENR,ZAF,20076.753996768217
ROW,ENR,RUS,4253.117454029109
ROW,ENR,SAU,11034.15449663822
ROW,ENR,AUS,12468.866681980573
ROW,ENR,ROW,1.0
ROW,CHM,CHN,81285.21429301477
ROW,CHM,USA,156698.59033771005
ROW,CHM,EU27,392774.3879445755
ROW,CHM,JPN,31731.81097059302
ROW,CHM,KOR,5036.016062540744
ROW,CHM,IND,39460.14958134654
ROW,CHM,CAN,9595.102705753445
ROW,CHM,MEX,22535.28300531071
ROW,CHM,BRA,11199.81465433514
ROW,CHM,ZAF,2159.9748319385453
ROW,CHM,RUS,7106.476127759732
ROW,CHM,SAU,7471.147694095127
ROW,CHM,AUS,9486.696840350221
ROW,CHM,ROW,409822.51495067636
ROW,TXL,CHN,14478.151610385872
ROW,TXL,USA,95774.28994129624
ROW,TXL,EU27,191296.2673503519
ROW,TXL,JPN,19374.645827121094
ROW,TXL,KOR,5900.168284365207
ROW,TXL,IND,213.52025346415485
ROW,TXL,CAN,7718.378208279306
ROW,TXL,MEX,1307.4174977803395
ROW,TXL,BRA,2370.6949187272194
ROW,TXL,ZAF,1115.4010991218665
ROW,TXL,RUS,6718.351085551512
ROW,TXL,SAU,2248.26595964892
ROW,TXL,AUS,8057.371568015231
ROW,TXL,ROW,253128.91539589118
ROW,WDP,CHN,11374.214074507781
ROW,WDP,USA,46305.811129500784
ROW,WDP,EU27,33402.1398479804
ROW,WDP,JPN,5099.577408158348
ROW,WDP,KOR,2646.258489427307
ROW,WDP,IND,2962.020612232085
ROW,WDP,CAN,23.672072896881218
ROW,WDP,MEX,1999.8899685025772
ROW,WDP,BRA,701.270670674152
ROW,WDP,ZAF,403.4242273539928
ROW,WDP,RUS,1634.2298363629925
ROW,WDP,SAU,1402.091104582274
ROW,WDP,AUS,1211.665563083844
ROW,WDP,ROW,222385.46599473662
ROW,NMM,CHN,54515.44987584601
ROW,NMM,USA,104522.32810059002
ROW,NMM,EU27,253899.86168437972
ROW,NMM,JPN,19000.738878829863
ROW,NMM,KOR,8200.331226931186
ROW,NMM,IND,9101.745489705907
ROW,NMM,CAN,18817.338579341325
ROW,NMM,MEX,15323.323128259595
ROW,NMM,BRA,9762.364123890024
ROW,NMM,ZAF,1313.2070632233454
ROW,NMM,RUS,10533.104835243805
ROW,NMM,SAU,6781.776229600373
ROW,NMM,AUS,6619.404240559177
ROW,NMM,ROW,556635.4485436
ROW,MAC,CHN,18855.812206474817
ROW,MAC,USA,1.0
ROW,MAC,EU27,212483.9146379003
ROW,MAC,JPN,11197.942291223917
ROW,MAC,KOR,3039.4427693312973
ROW,MAC,IND,2750.1399297401113
ROW,MAC,CAN,1914.4451958813806
ROW,MAC,MEX,4911.567477579774
ROW,MAC,BRA,3374.6925277811897
ROW,MAC,ZAF,299.2910027340895
ROW,MAC,RUS,7106.830665695008
ROW,MAC,SAU,2866.5765323249125
ROW,MAC,AUS,434.46107962417227
ROW,MAC,ROW,23743.43168370909
ROW,ELE,CHN,312279.5300583892
ROW,ELE,USA,181501.4087503585
ROW,ELE,EU27,557358.9365933518
ROW,ELE,JPN,66836.57164426711
ROW,ELE,KOR,51518.581292631454
ROW,ELE,IND,17950.078261987008
ROW,ELE,CAN,19876.34643517142
ROW,ELE,MEX,62387.36181685646
ROW,ELE,BRA,9276.140364399009
ROW,ELE,ZAF,1146.9488571580605
ROW,ELE,RUS,16957.473789605683
ROW,ELE,SAU,7529.849549188015
ROW,ELE,AUS,21406.05667408344
ROW,ELE,ROW,27919.81391255278
ROW,VEH,CHN,23233.590484053144
ROW,VEH,USA,210935.44325951266
ROW,VEH,EU27,169682.84004444152
ROW,VEH,JPN,14679.060677566518
ROW,VEH,KOR,5167.5979121647615
ROW,VEH,IND,13515.13115071975
ROW,VEH,CAN,2965.9410051824234
ROW,VEH,MEX,5149.959229374341
ROW,VEH,BRA,31377.642646310138
ROW,VEH,ZAF,1056.5277364390822
ROW,VEH,RUS,22929.792097317626
ROW,VEH,SAU,11053.67551889634
ROW,VEH,AUS,1612.0043771083983
ROW,VEH,ROW,5100.914860913297
ROW,OTM,CHN,23035.632449719764
ROW,OTM,USA,86175.23442197313
ROW,OTM,EU27,141230.64392414267
ROW,OTM,JPN,14920.868342858588
ROW,OTM,KOR,9304.695497981626
ROW,OTM,IND,8505.515308987735
ROW,OTM,CAN,1.0
ROW,OTM,MEX,1.0
ROW,OTM,BRA,2046.737036237536
ROW,OTM,ZAF,1.0
ROW,OTM,RUS,4050.170704548389
ROW,OTM,SAU,2783.988715022956
ROW,OTM,AUS,1.0
ROW,OTM,ROW,48451.96859852754
ROW,SRV,CHN,447129.8083747441
ROW,SRV,USA,367556.9507729508
ROW,SRV,EU27,334923.32956029626
ROW,SRV,JPN,154433.63599815438
ROW,SRV,KOR,87484.77366914834
ROW,SRV,IND,111017.92244143086
ROW,SRV,CAN,95145.17435075762
ROW,SRV,MEX,94878.51601969555
ROW,SRV,BRA,57452.651402797375
ROW,SRV,ZAF,11705.96496382797
ROW,SRV,RUS,66761.02642899458
ROW,SRV,SAU,25673.56458244782
ROW,SRV,AUS,22804.733542241782
ROW,SRV,ROW,16968648.02289251
