region,sector,C0,G0,I0
CHN,AGF,1655887.818,11.768999999999998,46147.734
CHN,MIN,2452.597,2.355,33.608000000000004
CHN,ENR,28089.062,5.514,525.068
CHN,CHM,156016.933,77.16399999999999,1384.239
CHN,TXL,294903.599,1.71,1134.8799999999999
CHN,WDP,43357.444,10.845,9210.464
CHN,NMM,17195.835,28.584,199903.49000000002
CHN,MAC,4514.032,29.171,716642.173
CHN,ELE,183807.07800000004,81.62200000000001,508270.67
CHN,VEH,239789.776,75.16399999999999,538367.804
CHN,OTM,69446.937,4461.205,112451.399
CHN,SRV,3546676.444,2858467.772,5410991.934
USA,AGF,1211290.647,4.220000000000001,1871.5099999999998
USA,MIN,1227.819,0.507,60313.721999999994
USA,ENR,241416.13600000003,3.045,25604.073000000004
USA,CHM,559532.125,31.099,49290.492000000006
USA,TXL,189852.559,2.505,4875.870999999999
USA,WDP,76551.756,22.618,27606.834000000003
USA,NMM,98775.436,25.293,68968.247
USA,MAC,29007.579999999998,7.723000000000001,316435.406
USA,ELE,242027.46399999998,46.278,430233.865
USA,VEH,359832.434,2.6399999999999997,622309.0650000001
USA,OTM,200088.852,1595.312,93538.473
USA,SRV,13566244.605999999,3568430.0100000002,4003046.686
JPN,AGF,280239.834,7.1499999999999995,1259.448
JPN,MIN,141.199,155.791,1551.835
JPN,ENR,62025.356,6.304,170.532
JPN,CHM,60872.289,151.111,497.10499999999996
JPN,TXL,46064.444,0.96,1325.628
JPN,WDP,4827.642,2.653,189.836
JPN,NMM,8978.158,26.908,3446.636
JPN,MAC,2264.889,17.816,135056.297
JPN,ELE,102835.55599999998,37.194,75129.089
JPN,VEH,76167.197,22.247000000000003,44243.308000000005
JPN,OTM,60960.871,2759.9489999999996,27163.682999999997
JPN,SRV,1538665.552,902956.4500000001,777474.0430000001
KOR,AGF,92550.67299999998,2.961,918.0269999999999
KOR,MIN,63.99,2.0709999999999997,80.00999999999999
KOR,ENR,5426.481,0.827,326.975
KOR,CHM,14962.796,9.803,1603.837
KOR,TXL,32696.22,0.056,1238.432
KOR,WDP,2154.8959999999997,0.8059999999999999,259.95099999999996
KOR,NMM,2833.8759999999997,168.246,12536.653999999999
KOR,MAC,3224.0789999999997,46.717999999999996,73237.50200000001
KOR,ELE,36614.64,123.07600000000001,74063.212
KOR,VEH,39815.12,7.395999999999999,59534.371
KOR,OTM,11815.88,17.311999999999998,5760.137000000001
KOR,SRV,593845.8620000001,313447.366,352207.29
EU27,AGF,1114507.829,10012.733,17342.515
EU27,MIN,6283.249000000001,438.293,8257.051
EU27,ENR,143699.80900000004,1258.1340000000002,5000.854000000001
EU27,CHM,229674.09999999998,71045.158,30886.273000000005
EU27,TXL,210525.42500000002,311.69500000000005,4135.359
EU27,WDP,68641.15800000001,876.8050000000001,16291.586999999998
EU27,NMM,72212.20799999998,1536.0569999999998,129742.72200000001
EU27,MAC,31663.409000000007,1389.3980000000001,313549.12299999996
EU27,ELE,167171.05,3297.340000000001,224878.33000000002
EU27,VEH,290160.24100000004,2400.7090000000003,380864.21599999996
EU27,OTM,137292.36600000004,9420.648,124826.82899999997
EU27,SRV,5475125.027999998,3445597.5049999994,2631111.733000001
VNM,AGF,69322.365,36.029,2737.4649999999997
VNM,MIN,327.292,0.068,954.7660000000001
VNM,ENR,5451.361,0.974,51.87
VNM,CHM,4276.981,31.358,68.50200000000001
VNM,TXL,19040.987,0.04,152.33900000000003
VNM,WDP,758.7750000000001,18.251,23.497000000000003
VNM,NMM,1565.854,50.514,647.261
VNM,MAC,1852.0549999999998,0.313,10476.494
VNM,ELE,6819.379999999999,1.419,8227.016
VNM,VEH,2496.723,0.5710000000000001,8977.939999999999
VNM,OTM,5960.860000000001,48.400999999999996,4046.748
VNM,SRV,101777.392,37194.662000000004,99746.794
THA,AGF,63676.456000000006,637.298,265.84700000000004
THA,MIN,9.872,67.332,622.634
THA,ENR,6068.689,129.18900000000002,85.043
THA,CHM,9309.928,611.148,507.179
THA,TXL,15620.625,217.327,562.504
THA,WDP,1028.9450000000002,130.58599999999998,133.639
THA,NMM,2418.383,25.278,4510.528
THA,MAC,81.036,54.803,11152.697
THA,ELE,12862.242999999999,1403.2979999999998,36284.504
THA,VEH,3520.663,44.492,19243.643
THA,OTM,8144.103000000001,550.641,5449.468000000001
THA,SRV,140492.455,83593.042,55847.137
MYS,AGF,48777.907,48.04900000000001,1377.422
MYS,MIN,102.611,11.789,1456.203
MYS,ENR,13330.841000000002,0.437,313.461
MYS,CHM,5696.421,2.925,150.152
MYS,TXL,4982.059,0.017,66.592
MYS,WDP,3821.954,0.119,134.749
MYS,NMM,1445.858,0.573,2498.867
MYS,MAC,970.9019999999998,0.966,7480.412
MYS,ELE,4845.663,2.906,14769.546000000002
MYS,VEH,7240.529,2.314,11425.813
MYS,OTM,3116.361,14.125,532.172
MYS,SRV,137338.44400000002,47007.979,55597.884000000005
IDN,AGF,198276.5,2254.697,19715.471999999998
IDN,MIN,93.79400000000001,0.6160000000000001,2657.8830000000003
IDN,ENR,23687.989999999998,1.24,110.09300000000002
IDN,CHM,29375.306999999997,4.205,193.00799999999998
IDN,TXL,20508.336000000003,0.261,1157.211
IDN,WDP,3440.8160000000003,0.378,65.52
IDN,NMM,4452.44,1.091,8141.886999999999
IDN,MAC,816.604,0.671,26106.299
IDN,ELE,16469.106,1.167,16458.824
IDN,VEH,30304.044,0.795,22889.049
IDN,OTM,5854.460000000001,68.809,2982.9320000000002
IDN,SRV,382866.497,98621.38999999998,309873.18600000005
SGP,AGF,9493.345,6.67,88.232
SGP,MIN,74.64600000000002,0.301,4.36
SGP,ENR,1018.782,16.607,138.41899999999998
SGP,CHM,4143.0380000000005,991.7560000000001,463.684
SGP,TXL,3486.8559999999998,0.314,18.704
SGP,WDP,562.904,0.7579999999999999,36.834
SGP,NMM,843.4170000000001,4.008,400.651
SGP,MAC,570.688,13.721,7010.687
SGP,ELE,9203.235999999999,27.691,15762.392
SGP,VEH,1997.762,1.7800000000000002,5692.204
SGP,OTM,3754.4089999999997,11.273,1107.254
SGP,SRV,109277.82500000001,45403.206999999995,77582.768
PHL,AGF,109544.164,4845.4890000000005,6192.603
PHL,MIN,67.95100000000001,17.341,354.356
PHL,ENR,4440.915000000001,813.1020000000001,113.139
PHL,CHM,11560.856,1420.1689999999999,246.31899999999996
PHL,TXL,4676.3,66.232,61.373000000000005
PHL,WDP,964.242,1709.3890000000001,32.33
PHL,NMM,1005.527,1694.8980000000001,1114.649
PHL,MAC,319.26000000000005,41.237,4722.142000000001
PHL,ELE,5169.755999999999,243.031,6741.574
PHL,VEH,2947.9120000000003,630.404,7577.768
PHL,OTM,2236.744,62.138,550.252
PHL,SRV,149930.901,47043.515999999996,69175.834
IND,AGF,640193.387,105.467,6733.847
IND,MIN,1277.975,89.449,5810.846
IND,ENR,43368.418999999994,3.5549999999999997,634.3679999999999
IND,CHM,86669.93,248.62,18579.309
IND,TXL,106136.279,229.085,15112.977
IND,WDP,9004.221000000001,64.348,1939.977
IND,NMM,11294.714,1387.251,11355.773000000001
IND,MAC,4197.753,11.030000000000001,69542.421
IND,ELE,8993.483,3.9219999999999997,81322.991
IND,VEH,37652.416,4.152,82493.341
IND,OTM,24420.542,1591.028,18506.249
IND,SRV,1003417.6830000001,344215.206,639293.374
MEX,AGF,181429.98199999996,73.19800000000001,4901.491
MEX,MIN,86.831,0.821,5728.969
MEX,ENR,26654.743000000002,0.762,64.731
MEX,CHM,52018.929,28.692,623.198
MEX,TXL,16029.847000000002,1.44,79.533
MEX,WDP,9099.61,202.50300000000001,78.57900000000001
MEX,NMM,15936.896,33.268,5435.053
MEX,MAC,2142.505,5.083,28317.425000000003
MEX,ELE,36350.039,19.195999999999998,29850.372000000003
MEX,VEH,53070.728,31.824999999999996,28317.688000000002
MEX,OTM,11666.792,157.38,3293.048
MEX,SRV,610920.7,159924.705,214908.836
ROW,AGF,1759683.115,6585.221999999998,59063.98100000001
ROW,MIN,12809.545000000002,835.4290000000003,35533.418999999994
ROW,ENR,260004.62900000007,1216.465,21839.775000000005
ROW,CHM,327298.96899999987,30330.975,19704.634000000005
ROW,TXL,309949.10099999997,719.047,10368.668000000001
ROW,WDP,72991.47,296.99099999999993,4999.974999999999
ROW,NMM,77817.69900000004,655.1859999999999,93502.344
ROW,MAC,29073.072000000004,230.23300000000006,316808.14599999995
ROW,ELE,233707.637,1152.9550000000004,307382.2829999999
ROW,VEH,293958.725,655.1,344287.6950000001
ROW,OTM,145882.70099999997,2958.4219999999996,90798.16599999997
ROW,SRV,7715917.261999999,3662147.6750000003,3411024.9770000004
